{"type": "FeatureCollection", "generated": "2026-07-31T15:28:06+00:00", "features": [{"type": "Feature", "geometry": {"type": "Point", "coordinates": [-84.9725, 30.25945]}, "properties": {"id": "53aa9071-f4d2-46ad-835c-370e30479992", "source": "WFIGS", "name": "Foster Bridge", "acres": 675, "contained": 100, "state": "FL", "cause": "Human", "discovered": "2026-02-12T16:44:00+00:00", "burn_rate": 4.0}}, {"type": "Feature", "geometry": {"type": "Point", "coordinates": [-104.67037, 34.92956]}, "properties": {"id": "2e75c8b2-ec28-44a2-8b26-7c2f031a0751", "source": "WFIGS", "name": "El Rito Creek", "acres": 140, "contained": null, "state": "NM", "cause": "Undetermined", "discovered": "2026-03-09T22:04:46+00:00", "burn_rate": 1.0}}, {"type": "Feature", "geometry": {"type": "Point", "coordinates": [-102.15697, 41.47437]}, "properties": {"id": "3de0062d-b07c-4545-9e47-709846d3caf9", "source": "WFIGS", "name": "Morrill", "acres": 642029, "contained": 100, "state": "NE", "cause": "Human", "discovered": "2026-03-13T14:14:13+00:00", "rain": {"days": ["2026-07-24", "2026-07-25", "2026-07-26", "2026-07-27", "2026-07-28", "2026-07-29", "2026-07-30", "2026-07-31", "2026-08-01", "2026-08-02"], "precip_mm": [0.0, 0.0, 0.0, 0.8, 0.4, 1.5, 0.0, 0.0, 0.0, 0.0], "past_7d_mm": 2.7, "next_3d_mm": 0.0}, "aqi": {"us_aqi": 40, "pm2_5": 9.8}, "burn_rate": 4584.2}}, {"type": "Feature", "geometry": {"type": "Point", "coordinates": [-82.11689, 33.62976]}, "properties": {"id": "ce7baeae-fdd7-48c7-adbc-c47e9b0c8349", "source": "WFIGS", "name": "Woodlawn", "acres": 632, "contained": 100, "state": "SC", "cause": "Undetermined", "discovered": "2026-03-13T22:36:00+00:00", "burn_rate": 4.5}}, {"type": "Feature", "geometry": {"type": "Point", "coordinates": [-84.81287, 30.31037]}, "properties": {"id": "ac523a39-8411-4f7d-8f4d-fcefa14e931d", "source": "WFIGS", "name": "Mill Pond", "acres": 1760, "contained": 100, "state": "FL", "cause": "Human", "discovered": "2026-03-19T17:54:00+00:00", "rain": {"days": ["2026-07-24", "2026-07-25", "2026-07-26", "2026-07-27", "2026-07-28", "2026-07-29", "2026-07-30", "2026-07-31", "2026-08-01", "2026-08-02"], "precip_mm": [70.6, 0.0, 0.0, 0.0, 0.0, 0.0, 27.0, 0.0, 31.7, 74.13], "past_7d_mm": 97.6, "next_3d_mm": 105.83}, "aqi": {"us_aqi": 50, "pm2_5": 11.8}, "burn_rate": 13.1}}, {"type": "Feature", "geometry": {"type": "Point", "coordinates": [-106.14655, 42.90758]}, "properties": {"id": "cdca66e2-2f1a-43a1-b645-4b170ee333ae", "source": "WFIGS", "name": "Sandpiper", "acres": 6287, "contained": 100, "state": "WY", "cause": "Human", "discovered": "2026-03-20T20:38:00+00:00", "rain": {"days": ["2026-07-24", "2026-07-25", "2026-07-26", "2026-07-27", "2026-07-28", "2026-07-29", "2026-07-30", "2026-07-31", "2026-08-01", "2026-08-02"], "precip_mm": [0.0, 0.0, 0.0, 0.0, 0.0, 0.0, 0.0, 0.0, 0.0, 0.0], "past_7d_mm": 0.0, "next_3d_mm": 0.0}, "aqi": {"us_aqi": 47, "pm2_5": 6.8}, "burn_rate": 47.3}}, {"type": "Feature", "geometry": {"type": "Point", "coordinates": [-104.60221, 40.16304]}, "properties": {"id": "81cb3e7d-82fe-4e64-bd76-60dcdecf6914", "source": "WFIGS", "name": "49", "acres": 368, "contained": 100, "state": "CO", "cause": "Human", "discovered": "2026-03-21T21:22:00+00:00", "burn_rate": 2.8}}, {"type": "Feature", "geometry": {"type": "Point", "coordinates": [-104.05598, 34.84621]}, "properties": {"id": "92a5fa4c-e9ae-4372-9e1b-2f7732b1c785", "source": "WFIGS", "name": "Sparks", "acres": 6000, "contained": 100, "state": "NM", "cause": "Undetermined", "discovered": "2026-04-28T21:00:00+00:00", "rain": {"days": ["2026-07-24", "2026-07-25", "2026-07-26", "2026-07-27", "2026-07-28", "2026-07-29", "2026-07-30", "2026-07-31", "2026-08-01", "2026-08-02"], "precip_mm": [0.0, 24.1, 0.0, 0.0, 0.0, 0.0, 0.0, 0.0, 5.4, 0.0], "past_7d_mm": 24.1, "next_3d_mm": 5.4}, "aqi": {"us_aqi": 31, "pm2_5": 8.6}, "burn_rate": 64.0}}, {"type": "Feature", "geometry": {"type": "Point", "coordinates": [-83.17528, 29.85195]}, "properties": {"id": "097653ff-b190-4eb3-971e-7b71d921f7d1", "source": "WFIGS", "name": "South Canal- Lafayette (34)", "acres": 2265, "contained": 97, "state": "FL", "cause": "Natural", "discovered": "2026-05-03T20:15:00+00:00", "rain": {"days": ["2026-07-24", "2026-07-25", "2026-07-26", "2026-07-27", "2026-07-28", "2026-07-29", "2026-07-30", "2026-07-31", "2026-08-01", "2026-08-02"], "precip_mm": [0.0, 0.0, 44.3, 0.0, 0.0, 1.1, 0.4, 0.0, 8.3, 8.2], "past_7d_mm": 45.8, "next_3d_mm": 16.5}, "aqi": {"us_aqi": 52, "pm2_5": 8.4}, "burn_rate": 25.5}}, {"type": "Feature", "geometry": {"type": "Point", "coordinates": [-107.13901, 33.96117]}, "properties": {"id": "a2ff10ef-155b-4710-a71a-c8578ce09d1b", "source": "WFIGS", "name": "Six Mile", "acres": 341, "contained": 100, "state": "NM", "cause": "Undetermined", "discovered": "2026-05-08T21:23:00+00:00", "burn_rate": 4.1}}, {"type": "Feature", "geometry": {"type": "Point", "coordinates": [-81.50717, 29.07384]}, "properties": {"id": "660f8e64-f1eb-41ab-aa04-7e11f89fdc6c", "source": "WFIGS", "name": "Shell", "acres": 2822, "contained": 100, "state": "FL", "cause": "Natural", "discovered": "2026-05-22T14:16:00+00:00", "rain": {"days": ["2026-07-24", "2026-07-25", "2026-07-26", "2026-07-27", "2026-07-28", "2026-07-29", "2026-07-30", "2026-07-31", "2026-08-01", "2026-08-02"], "precip_mm": [0.0, 0.0, 22.4, 0.4, 0.0, 0.0, 0.4, 0.0, 0.0, 0.9], "past_7d_mm": 23.2, "next_3d_mm": 0.9}, "aqi": {"us_aqi": 40, "pm2_5": 4.8}, "burn_rate": 40.3}}, {"type": "Feature", "geometry": {"type": "Point", "coordinates": [-159.28254, 66.45382]}, "properties": {"id": "5dea170e-b7ea-40a2-a21f-4c4ebe0e28b6", "source": "WFIGS", "name": "Thousand", "acres": 408.9, "contained": 0, "state": "AK", "cause": "Natural", "discovered": "2026-05-23T15:54:56+00:00", "burn_rate": 5.9}}, {"type": "Feature", "geometry": {"type": "Point", "coordinates": [-76.34347, 35.48201]}, "properties": {"id": "a8745041-570a-46a2-a359-bb3eb960f82f", "source": "WFIGS", "name": "Rose Bay Canal", "acres": 667, "contained": 100, "state": "NC", "cause": "Undetermined", "discovered": "2026-06-02T22:53:45+00:00", "burn_rate": 11.4}}, {"type": "Feature", "geometry": {"type": "Point", "coordinates": [-105.04696, 44.08464]}, "properties": {"id": "7c1335d1-37d1-436f-9f42-05f089f964b5", "source": "WFIGS", "name": "Raven Creek", "acres": 3789, "contained": 100, "state": "WY", "cause": "Undetermined", "discovered": "2026-06-06T23:29:14+00:00", "rain": {"days": ["2026-07-24", "2026-07-25", "2026-07-26", "2026-07-27", "2026-07-28", "2026-07-29", "2026-07-30", "2026-07-31", "2026-08-01", "2026-08-02"], "precip_mm": [0.0, 0.0, 0.0, 0.0, 0.0, 2.6, 0.0, 0.0, 0.0, 0.0], "past_7d_mm": 2.6, "next_3d_mm": 0.0}, "aqi": {"us_aqi": 54, "pm2_5": 9.5}, "burn_rate": 69.3}}, {"type": "Feature", "geometry": {"type": "Point", "coordinates": [-112.16405, 39.2059]}, "properties": {"id": "6f3a4603-8a05-428a-b65c-16b6e2d33ab3", "source": "WFIGS", "name": "Tower", "acres": 1369, "contained": 100, "state": "UT", "cause": "Human", "discovered": "2026-06-07T18:07:23+00:00", "rain": {"days": ["2026-07-24", "2026-07-25", "2026-07-26", "2026-07-27", "2026-07-28", "2026-07-29", "2026-07-30", "2026-07-31", "2026-08-01", "2026-08-02"], "precip_mm": [0.0, 0.0, 0.0, 0.0, 0.0, 0.0, 0.0, 0.0, 0.0, 0.0], "past_7d_mm": 0.0, "next_3d_mm": 0.0}, "aqi": {"us_aqi": 43, "pm2_5": 5.3}, "burn_rate": 25.4}}, {"type": "Feature", "geometry": {"type": "Point", "coordinates": [-150.81314, 65.44908]}, "properties": {"id": "1dc015ad-5690-48c4-b8f3-fe02445b2369", "source": "WFIGS", "name": "Canyon", "acres": 1064, "contained": 0, "state": "AK", "cause": "Natural", "discovered": "2026-06-12T01:20:30+00:00", "burn_rate": 21.5}}, {"type": "Feature", "geometry": {"type": "Point", "coordinates": [-79.74954, 33.02701]}, "properties": {"id": "7f0009b4-a33b-4c7c-b440-7f5f43180cc1", "source": "WFIGS", "name": "Fowler Cemetery", "acres": 222, "contained": 100, "state": "SC", "cause": "Undetermined", "discovered": "2026-06-13T21:51:00+00:00", "burn_rate": 4.7}}, {"type": "Feature", "geometry": {"type": "Point", "coordinates": [-112.20321, 36.91571]}, "properties": {"id": "132c618c-7786-4fbc-852a-23493bf028f9", "source": "WFIGS", "name": "Rock Canyon", "acres": 4823, "contained": 100, "state": "AZ", "cause": "Natural", "discovered": "2026-06-15T19:57:12+00:00", "rain": {"days": ["2026-07-24", "2026-07-25", "2026-07-26", "2026-07-27", "2026-07-28", "2026-07-29", "2026-07-30", "2026-07-31", "2026-08-01", "2026-08-02"], "precip_mm": [0.0, 0.0, 0.0, 0.0, 9.0, 0.0, 0.0, 0.0, 0.0, 0.0], "past_7d_mm": 9.0, "next_3d_mm": 0.0}, "aqi": {"us_aqi": 24, "pm2_5": 2.2}, "burn_rate": 105.3}}, {"type": "Feature", "geometry": {"type": "Point", "coordinates": [-117.48768, 33.46245]}, "properties": {"id": "6520b94e-7cc5-404e-888c-8afbb5bb31f9", "source": "WFIGS", "name": "Mateo", "acres": 1335, "contained": 100, "state": "CA", "cause": "Human", "discovered": "2026-06-15T20:52:56+00:00", "rain": {"days": ["2026-07-24", "2026-07-25", "2026-07-26", "2026-07-27", "2026-07-28", "2026-07-29", "2026-07-30", "2026-07-31", "2026-08-01", "2026-08-02"], "precip_mm": [0.0, 0.0, 0.0, 0.0, 0.0, 0.0, 0.0, 0.0, 0.0, 0.0], "past_7d_mm": 0.0, "next_3d_mm": 0.0}, "aqi": {"us_aqi": 52, "pm2_5": 11.0}, "burn_rate": 29.2}}, {"type": "Feature", "geometry": {"type": "Point", "coordinates": [-80.40389, 25.84306]}, "properties": {"id": "9e6e686d-a372-4c38-8e26-2fe4c2fc4aac", "source": "WFIGS", "name": "Well (13)", "acres": 2814, "contained": 100, "state": "FL", "cause": "Natural", "discovered": "2026-06-16T16:08:00+00:00", "rain": {"days": ["2026-07-24", "2026-07-25", "2026-07-26", "2026-07-27", "2026-07-28", "2026-07-29", "2026-07-30", "2026-07-31", "2026-08-01", "2026-08-02"], "precip_mm": [0.0, 132.1, 0.4, 0.8, 0.4, 0.0, 0.0, 0.0, 108.4, 3.12], "past_7d_mm": 133.7, "next_3d_mm": 111.52}, "aqi": {"us_aqi": 45, "pm2_5": 8.1}, "burn_rate": 62.6}}, {"type": "Feature", "geometry": {"type": "Point", "coordinates": [-114.30471, 37.38085]}, "properties": {"id": "9e36ffee-bede-4738-b90f-2f72fc4949fd", "source": "WFIGS", "name": "Grapevine", "acres": 26464, "contained": 100, "state": "NV", "cause": "Natural", "discovered": "2026-06-17T17:53:00+00:00", "rain": {"days": ["2026-07-24", "2026-07-25", "2026-07-26", "2026-07-27", "2026-07-28", "2026-07-29", "2026-07-30", "2026-07-31", "2026-08-01", "2026-08-02"], "precip_mm": [0.0, 0.0, 0.0, 0.0, 0.0, 0.0, 0.0, 0.0, 0.0, 0.0], "past_7d_mm": 0.0, "next_3d_mm": 0.0}, "aqi": {"us_aqi": 35, "pm2_5": 2.0}, "burn_rate": 602.8}}, {"type": "Feature", "geometry": {"type": "Point", "coordinates": [-111.78743, 34.96722]}, "properties": {"id": "21164556-6add-4481-810d-637569005fdc", "source": "WFIGS", "name": "Pocket", "acres": 27393, "contained": 100, "state": "AZ", "cause": "Undetermined", "discovered": "2026-06-20T00:01:00+00:00", "rain": {"days": ["2026-07-24", "2026-07-25", "2026-07-26", "2026-07-27", "2026-07-28", "2026-07-29", "2026-07-30", "2026-07-31", "2026-08-01", "2026-08-02"], "precip_mm": [0.0, 0.0, 0.0, 2.5, 0.0, 0.0, 25.6, 0.0, 0.0, 0.0], "past_7d_mm": 28.1, "next_3d_mm": 0.0}, "aqi": {"us_aqi": 17, "pm2_5": 3.2}, "burn_rate": 657.8}}, {"type": "Feature", "geometry": {"type": "Point", "coordinates": [-155.23002, 60.9]}, "properties": {"id": "40af1319-bb38-4198-a81f-3805e007f15d", "source": "WFIGS", "name": "Hoholitna", "acres": 546.13, "contained": 0, "state": "AK", "cause": "Natural", "discovered": "2026-06-20T06:14:49+00:00", "burn_rate": 13.2}}, {"type": "Feature", "geometry": {"type": "Point", "coordinates": [-145.46531, 64.43555]}, "properties": {"id": "2d3caf91-2ea6-4063-b92d-d70c3000c8a0", "source": "WFIGS", "name": "Pogo", "acres": 452.83, "contained": 0, "state": "AK", "cause": "Natural", "discovered": "2026-06-20T22:18:00+00:00", "burn_rate": 11.1}}, {"type": "Feature", "geometry": {"type": "Point", "coordinates": [-145.44336, 64.37945]}, "properties": {"id": "a0592c20-35b4-45e3-8902-200a33224708", "source": "WFIGS", "name": "Shaw", "acres": 1532.14, "contained": 0, "state": "AK", "cause": "Natural", "discovered": "2026-06-20T23:01:00+00:00", "rain": {"days": ["2026-07-24", "2026-07-25", "2026-07-26", "2026-07-27", "2026-07-28", "2026-07-29", "2026-07-30", "2026-07-31", "2026-08-01", "2026-08-02"], "precip_mm": [9.8, 0.0, 0.0, 3.1, 0.7, 0.0, 0.3, 0.0, 0.0, 0.0], "past_7d_mm": 13.9, "next_3d_mm": 0.0}, "aqi": {"us_aqi": 26, "pm2_5": 4.9}, "burn_rate": 37.7}}, {"type": "Feature", "geometry": {"type": "Point", "coordinates": [-141.43334, 64.28662]}, "properties": {"id": "685aa7a8-552f-4717-91bb-53fc2e2ad136", "source": "WFIGS", "name": "Polly", "acres": 135.4, "contained": 0, "state": "AK", "cause": "Natural", "discovered": "2026-06-21T00:09:12+00:00", "burn_rate": 3.3}}, {"type": "Feature", "geometry": {"type": "Point", "coordinates": [-151.28719, 64.2685]}, "properties": {"id": "136e8b37-6829-4c4a-9429-023551f0020f", "source": "WFIGS", "name": "Kuskokwim", "acres": 139.63, "contained": null, "state": "AK", "cause": "Natural", "discovered": "2026-06-21T00:10:52+00:00", "burn_rate": 3.4}}, {"type": "Feature", "geometry": {"type": "Point", "coordinates": [-142.40669, 65.3644]}, "properties": {"id": "bac795ce-e47b-4dfc-8f94-92a07ca2fae6", "source": "WFIGS", "name": "Kathul", "acres": 3184.66, "contained": 0, "state": "AK", "cause": "Natural", "discovered": "2026-06-21T02:22:00+00:00", "rain": {"days": ["2026-07-24", "2026-07-25", "2026-07-26", "2026-07-27", "2026-07-28", "2026-07-29", "2026-07-30", "2026-07-31", "2026-08-01", "2026-08-02"], "precip_mm": [5.4, 0.4, 0.0, 6.3, 0.4, 0.0, 3.4, 0.0, 0.0, 0.1], "past_7d_mm": 15.9, "next_3d_mm": 0.1}, "aqi": {"us_aqi": 62, "pm2_5": 21.0}, "burn_rate": 78.5}}, {"type": "Feature", "geometry": {"type": "Point", "coordinates": [-155.50791, 63.59138]}, "properties": {"id": "3af94348-50b3-4b23-9085-d76041911732", "source": "WFIGS", "name": "Nowitna", "acres": 213.27, "contained": 0, "state": "AK", "cause": "Natural", "discovered": "2026-06-21T02:58:20+00:00", "burn_rate": 5.3}}, {"type": "Feature", "geometry": {"type": "Point", "coordinates": [-148.35169, 64.2705]}, "properties": {"id": "cdfb675e-7147-4bc5-aae7-301db9dbe20f", "source": "WFIGS", "name": "Tatlanika", "acres": 2000, "contained": 0, "state": "AK", "cause": "Natural", "discovered": "2026-06-21T06:05:48+00:00", "rain": {"days": ["2026-07-24", "2026-07-25", "2026-07-26", "2026-07-27", "2026-07-28", "2026-07-29", "2026-07-30", "2026-07-31", "2026-08-01", "2026-08-02"], "precip_mm": [4.3, 0.0, 0.0, 6.7, 0.1, 0.0, 0.0, 0.0, 0.0, 1.2], "past_7d_mm": 11.1, "next_3d_mm": 1.2}, "aqi": {"us_aqi": 21, "pm2_5": 0.9}, "burn_rate": 49.5}}, {"type": "Feature", "geometry": {"type": "Point", "coordinates": [-116.39705, 45.35717]}, "properties": {"id": "11edcec0-a4c3-417e-bc71-d4bd798503b6", "source": "WFIGS", "name": "Shingle Creek", "acres": 628, "contained": 95, "state": "ID", "cause": "Undetermined", "discovered": "2026-06-21T19:52:00+00:00", "burn_rate": 15.8}}, {"type": "Feature", "geometry": {"type": "Point", "coordinates": [-108.67351, 33.27484]}, "properties": {"id": "530c7fa3-1421-4f31-9ce2-bdf33340691b", "source": "WFIGS", "name": "Sacaton", "acres": 9861, "contained": 100, "state": "NM", "cause": "Natural", "discovered": "2026-06-21T21:36:00+00:00", "rain": {"days": ["2026-07-24", "2026-07-25", "2026-07-26", "2026-07-27", "2026-07-28", "2026-07-29", "2026-07-30", "2026-07-31", "2026-08-01", "2026-08-02"], "precip_mm": [5.4, 0.7, 0.0, 0.0, 3.3, 4.7, 6.8, 1.1, 2.1, 0.9], "past_7d_mm": 20.9, "next_3d_mm": 4.1}, "aqi": {"us_aqi": 22, "pm2_5": 1.8}, "burn_rate": 248.1}}, {"type": "Feature", "geometry": {"type": "Point", "coordinates": [-144.32781, 65.35]}, "properties": {"id": "9e214196-f497-48ef-a885-bc0f025888cd", "source": "WFIGS", "name": "Betula", "acres": 103.48, "contained": 0, "state": "AK", "cause": "Natural", "discovered": "2026-06-22T20:15:01+00:00", "burn_rate": 2.7}}, {"type": "Feature", "geometry": {"type": "Point", "coordinates": [-112.55078, 38.26976]}, "properties": {"id": "b1b09572-cd77-4b0a-8e06-71284617a28f", "source": "WFIGS", "name": "Cottonwood", "acres": 97464, "contained": 95, "state": "UT", "cause": "Undetermined", "discovered": "2026-06-22T21:36:46+00:00", "rain": {"days": ["2026-07-24", "2026-07-25", "2026-07-26", "2026-07-27", "2026-07-28", "2026-07-29", "2026-07-30", "2026-07-31", "2026-08-01", "2026-08-02"], "precip_mm": [0.0, 1.1, 0.0, 1.8, 0.0, 13.4, 0.0, 0.0, 0.0, 0.0], "past_7d_mm": 16.3, "next_3d_mm": 0.0}, "aqi": {"us_aqi": 29, "pm2_5": 2.4}, "burn_rate": 2515.6}}, {"type": "Feature", "geometry": {"type": "Point", "coordinates": [-159.66736, 65.33283]}, "properties": {"id": "430f1439-9f29-4576-9792-6992e9c1ac03", "source": "WFIGS", "name": "Kilusiktok", "acres": 2250.99, "contained": 0, "state": "AK", "cause": "Natural", "discovered": "2026-06-25T16:06:08+00:00", "rain": {"days": ["2026-07-24", "2026-07-25", "2026-07-26", "2026-07-27", "2026-07-28", "2026-07-29", "2026-07-30", "2026-07-31", "2026-08-01", "2026-08-02"], "precip_mm": [0.0, 0.0, 0.5, 0.0, 0.0, 0.0, 0.2, 0.0, 0.4, 0.9], "past_7d_mm": 0.7, "next_3d_mm": 1.3}, "aqi": {"us_aqi": 14, "pm2_5": 2.4}, "burn_rate": 62.6}}, {"type": "Feature", "geometry": {"type": "Point", "coordinates": [-111.92101, 36.12167]}, "properties": {"id": "8a73e623-6a18-47d2-b977-f95e30bacec8", "source": "WFIGS", "name": "Cliff Spring", "acres": 170, "contained": null, "state": "AZ", "cause": "Undetermined", "discovered": "2026-06-26T17:20:00+00:00", "burn_rate": 4.9}}, {"type": "Feature", "geometry": {"type": "Point", "coordinates": [-109.80868, 37.73434]}, "properties": {"id": "8fce6c19-9d6f-4500-af34-9c0597dceba7", "source": "WFIGS", "name": "Babylon", "acres": 107189, "contained": 95, "state": "UT", "cause": "Undetermined", "discovered": "2026-06-26T20:15:00+00:00", "rain": {"days": ["2026-07-24", "2026-07-25", "2026-07-26", "2026-07-27", "2026-07-28", "2026-07-29", "2026-07-30", "2026-07-31", "2026-08-01", "2026-08-02"], "precip_mm": [0.0, 5.8, 0.0, 5.0, 0.0, 0.0, 0.0, 0.0, 0.4, 0.0], "past_7d_mm": 10.8, "next_3d_mm": 0.4}, "aqi": {"us_aqi": 34, "pm2_5": 0.5}, "burn_rate": 3080.1}}, {"type": "Feature", "geometry": {"type": "Point", "coordinates": [-112.17208, 39.10621]}, "properties": {"id": "6348caca-a8f1-4260-99af-b4f9df50a628", "source": "WFIGS", "name": "Wild Goose", "acres": 12665, "contained": 100, "state": "UT", "cause": "Undetermined", "discovered": "2026-06-26T21:50:00+00:00", "rain": {"days": ["2026-07-24", "2026-07-25", "2026-07-26", "2026-07-27", "2026-07-28", "2026-07-29", "2026-07-30", "2026-07-31", "2026-08-01", "2026-08-02"], "precip_mm": [0.0, 0.0, 0.0, 0.0, 0.0, 0.0, 0.0, 0.0, 0.0, 0.0], "past_7d_mm": 0.0, "next_3d_mm": 0.0}, "aqi": {"us_aqi": 43, "pm2_5": 5.3}, "burn_rate": 364.6}}, {"type": "Feature", "geometry": {"type": "Point", "coordinates": [-152.11766, 65.88437]}, "properties": {"id": "4d636dff-0866-4f6e-b939-8581777d33cb", "source": "WFIGS", "name": "Holonada", "acres": 260.8, "contained": null, "state": "AK", "cause": "Natural", "discovered": "2026-06-27T00:10:14+00:00", "burn_rate": 7.5}}, {"type": "Feature", "geometry": {"type": "Point", "coordinates": [-109.05854, 39.00788]}, "properties": {"id": "532ae2ea-d27e-475b-a2a6-d4875fb9d8e7", "source": "WFIGS", "name": "Snyder", "acres": 28264, "contained": 100, "state": "UT", "cause": "Undetermined", "discovered": "2026-06-27T05:10:19+00:00", "rain": {"days": ["2026-07-24", "2026-07-25", "2026-07-26", "2026-07-27", "2026-07-28", "2026-07-29", "2026-07-30", "2026-07-31", "2026-08-01", "2026-08-02"], "precip_mm": [0.0, 0.0, 0.0, 0.0, 0.0, 21.6, 1.1, 0.0, 0.0, 0.0], "past_7d_mm": 22.7, "next_3d_mm": 0.0}, "aqi": {"us_aqi": 29, "pm2_5": 6.0}, "burn_rate": 820.9}}, {"type": "Feature", "geometry": {"type": "Point", "coordinates": [-108.67099, 37.62923]}, "properties": {"id": "0fd7f0e1-d93c-47c9-9f6a-0ba8bfbc3d94", "source": "WFIGS", "name": "Ferris", "acres": 64881, "contained": 97, "state": "CO", "cause": "Natural", "discovered": "2026-06-27T21:04:00+00:00", "rain": {"days": ["2026-07-24", "2026-07-25", "2026-07-26", "2026-07-27", "2026-07-28", "2026-07-29", "2026-07-30", "2026-07-31", "2026-08-01", "2026-08-02"], "precip_mm": [8.3, 0.0, 0.0, 0.0, 0.0, 0.0, 0.0, 0.0, 0.0, 0.0], "past_7d_mm": 8.3, "next_3d_mm": 0.0}, "aqi": {"us_aqi": 24, "pm2_5": 2.5}, "burn_rate": 1921.4}}, {"type": "Feature", "geometry": {"type": "Point", "coordinates": [-107.68213, 38.05157]}, "properties": {"id": "2ed6c776-d2c7-49e5-8004-27cea40d5d79", "source": "WFIGS", "name": "Gold Mountain", "acres": 39506, "contained": 64, "state": "CO", "cause": "Undetermined", "discovered": "2026-06-27T23:33:48+00:00", "rain": {"days": ["2026-07-24", "2026-07-25", "2026-07-26", "2026-07-27", "2026-07-28", "2026-07-29", "2026-07-30", "2026-07-31", "2026-08-01", "2026-08-02"], "precip_mm": [0.0, 0.0, 0.7, 0.4, 0.4, 0.0, 0.7, 0.0, 0.0, 0.0], "past_7d_mm": 2.2, "next_3d_mm": 0.0}, "aqi": {"us_aqi": 44, "pm2_5": 2.1}, "burn_rate": 1173.6}}, {"type": "Feature", "geometry": {"type": "Point", "coordinates": [-106.44033, 39.23359]}, "properties": {"id": "548a8d28-1a04-48ee-9011-aba023175d43", "source": "WFIGS", "name": "Willow", "acres": 7196, "contained": 66, "state": "CO", "cause": "Human", "discovered": "2026-06-28T21:27:00+00:00", "rain": {"days": ["2026-07-24", "2026-07-25", "2026-07-26", "2026-07-27", "2026-07-28", "2026-07-29", "2026-07-30", "2026-07-31", "2026-08-01", "2026-08-02"], "precip_mm": [0.0, 3.2, 0.0, 1.1, 0.0, 1.8, 0.0, 0.0, 0.0, 0.0], "past_7d_mm": 6.1, "next_3d_mm": 0.0}, "aqi": {"us_aqi": 42, "pm2_5": 3.0}, "burn_rate": 219.7}}, {"type": "Feature", "geometry": {"type": "Point", "coordinates": [-105.07128, 38.01932]}, "properties": {"id": "1cdf5e5a-f22e-4352-a582-c2a47663b93d", "source": "WFIGS", "name": "Aspen Acres", "acres": 101961, "contained": 67, "state": "CO", "cause": "Human", "discovered": "2026-06-29T12:04:46+00:00", "rain": {"days": ["2026-07-24", "2026-07-25", "2026-07-26", "2026-07-27", "2026-07-28", "2026-07-29", "2026-07-30", "2026-07-31", "2026-08-01", "2026-08-02"], "precip_mm": [0.0, 0.7, 0.0, 0.0, 0.0, 0.0, 0.4, 0.0, 0.0, 0.0], "past_7d_mm": 1.1, "next_3d_mm": 0.0}, "aqi": {"us_aqi": 36, "pm2_5": 4.3}, "burn_rate": 3172.3}}, {"type": "Feature", "geometry": {"type": "Point", "coordinates": [-121.20971, 48.82114]}, "properties": {"id": "7d70e58c-3570-466c-86f7-8e5f828d0f7f", "source": "WFIGS", "name": "Luna", "acres": 392, "contained": 0, "state": "WA", "cause": "Undetermined", "discovered": "2026-07-02T19:06:00+00:00", "burn_rate": 13.6}}, {"type": "Feature", "geometry": {"type": "Point", "coordinates": [-83.10056, 29.36612]}, "properties": {"id": "d49813a4-301c-4b1a-a687-e2ce69119191", "source": "WFIGS", "name": "Pond- Dixie (15)", "acres": 149, "contained": 100, "state": "FL", "cause": "Natural", "discovered": "2026-07-02T19:00:00+00:00", "burn_rate": 5.2}}, {"type": "Feature", "geometry": {"type": "Point", "coordinates": [-77.67778, 34.77862]}, "properties": {"id": "10a3fa89-0ec7-4a60-8420-80ee1a1884df", "source": "WFIGS", "name": "Chicken Farm Lane", "acres": 164, "contained": 100, "state": "NC", "cause": "Natural", "discovered": "2026-07-03T18:44:00+00:00", "burn_rate": 5.9}}, {"type": "Feature", "geometry": {"type": "Point", "coordinates": [-151.57488, 65.8547]}, "properties": {"id": "1bcee7c0-70f8-4788-b10e-9e01052508ea", "source": "WFIGS", "name": "Ishtalitna", "acres": 1462.57, "contained": 0, "state": "AK", "cause": "Natural", "discovered": "2026-07-04T21:31:43+00:00", "rain": {"days": ["2026-07-24", "2026-07-25", "2026-07-26", "2026-07-27", "2026-07-28", "2026-07-29", "2026-07-30", "2026-07-31", "2026-08-01", "2026-08-02"], "precip_mm": [1.5, 0.0, 0.0, 2.2, 0.0, 0.1, 0.0, 0.0, 0.0, 0.5], "past_7d_mm": 3.8, "next_3d_mm": 0.5}, "aqi": {"us_aqi": 30, "pm2_5": 7.1}, "burn_rate": 54.7}}, {"type": "Feature", "geometry": {"type": "Point", "coordinates": [-118.48063, 45.68309]}, "properties": {"id": "b0396ac9-6c41-4bc3-a899-f309fc28baae", "source": "WFIGS", "name": "North Cayuse", "acres": 4887, "contained": 96, "state": "OR", "cause": "Undetermined", "discovered": "2026-07-04T22:01:00+00:00", "rain": {"days": ["2026-07-24", "2026-07-25", "2026-07-26", "2026-07-27", "2026-07-28", "2026-07-29", "2026-07-30", "2026-07-31", "2026-08-01", "2026-08-02"], "precip_mm": [0.0, 0.0, 0.0, 0.0, 0.0, 0.0, 0.0, 0.0, 0.0, 0.0], "past_7d_mm": 0.0, "next_3d_mm": 0.0}, "aqi": {"us_aqi": 146, "pm2_5": 100.6}, "burn_rate": 182.8}}, {"type": "Feature", "geometry": {"type": "Point", "coordinates": [-79.21358, 37.8581]}, "properties": {"id": "d80818dd-97e3-4c5e-b61d-d1d5f2452aad", "source": "WFIGS", "name": "Taylor Hollow", "acres": 108, "contained": 100, "state": "VA", "cause": "Undetermined", "discovered": "2026-07-06T01:29:58+00:00", "burn_rate": 4.2}}, {"type": "Feature", "geometry": {"type": "Point", "coordinates": [-116.17156, 43.63391]}, "properties": {"id": "c255b5c1-9a81-49e1-b5dc-cce84cdfe61f", "source": "WFIGS", "name": "Ra 6 Ada Co Claremont", "acres": 6611, "contained": 90, "state": "ID", "cause": "Human", "discovered": "2026-07-06T19:25:00+00:00", "rain": {"days": ["2026-07-24", "2026-07-25", "2026-07-26", "2026-07-27", "2026-07-28", "2026-07-29", "2026-07-30", "2026-07-31", "2026-08-01", "2026-08-02"], "precip_mm": [0.0, 0.0, 0.0, 0.0, 0.0, 0.0, 0.0, 0.0, 0.0, 0.0], "past_7d_mm": 0.0, "next_3d_mm": 0.0}, "aqi": {"us_aqi": 62, "pm2_5": 6.6}, "burn_rate": 266.2}}, {"type": "Feature", "geometry": {"type": "Point", "coordinates": [-82.31354, 30.33851]}, "properties": {"id": "c69ceb41-879d-46b8-8a90-d0cbea640674", "source": "WFIGS", "name": "Mailbox", "acres": 409, "contained": 50, "state": "FL", "cause": "Undetermined", "discovered": "2026-07-06T19:57:39+00:00", "burn_rate": 16.5}}, {"type": "Feature", "geometry": {"type": "Point", "coordinates": [-121.26851, 40.94884]}, "properties": {"id": "69dd692f-9d85-4d69-91e9-ab82aeb5aeb5", "source": "WFIGS", "name": "3-1 Pit", "acres": 1055, "contained": 99, "state": "CA", "cause": "Undetermined", "discovered": "2026-07-07T20:35:02+00:00", "burn_rate": 44.4}}, {"type": "Feature", "geometry": {"type": "Point", "coordinates": [-91.78292, 47.99898]}, "properties": {"id": "22a490f6-8b77-4eda-a8b5-1979befe384b", "source": "WFIGS", "name": "Camp", "acres": 4357, "contained": 69, "state": "MN", "cause": "Natural", "discovered": "2026-07-07T21:12:00+00:00", "rain": {"days": ["2026-07-24", "2026-07-25", "2026-07-26", "2026-07-27", "2026-07-28", "2026-07-29", "2026-07-30", "2026-07-31", "2026-08-01", "2026-08-02"], "precip_mm": [0.0, 107.3, 0.0, 0.7, 0.0, 0.0, 2.5, 0.0, 0.0, 0.0], "past_7d_mm": 110.5, "next_3d_mm": 0.0}, "aqi": {"us_aqi": 58, "pm2_5": 12.3}, "burn_rate": 183.4}}, {"type": "Feature", "geometry": {"type": "Point", "coordinates": [-91.92467, 48.18451]}, "properties": {"id": "1bb1f12f-db68-40b0-8d7b-fa0e4fcee2e4", "source": "WFIGS", "name": "Bear Trap", "acres": 29774, "contained": 38, "state": "MN", "cause": "Natural", "discovered": "2026-07-07T22:12:14+00:00", "rain": {"days": ["2026-07-24", "2026-07-25", "2026-07-26", "2026-07-27", "2026-07-28", "2026-07-29", "2026-07-30", "2026-07-31", "2026-08-01", "2026-08-02"], "precip_mm": [0.0, 52.5, 0.0, 0.0, 0.0, 0.0, 2.2, 0.4, 0.0, 0.0], "past_7d_mm": 54.7, "next_3d_mm": 0.4}, "aqi": {"us_aqi": 57, "pm2_5": 11.1}, "burn_rate": 1255.3}}, {"type": "Feature", "geometry": {"type": "Point", "coordinates": [-92.19217, 48.28768]}, "properties": {"id": "95ce0306-59c6-4e05-b2cc-40c69e601413", "source": "WFIGS", "name": "Thumb", "acres": 16912, "contained": 57, "state": "MN", "cause": "Natural", "discovered": "2026-07-07T22:32:00+00:00", "rain": {"days": ["2026-07-24", "2026-07-25", "2026-07-26", "2026-07-27", "2026-07-28", "2026-07-29", "2026-07-30", "2026-07-31", "2026-08-01", "2026-08-02"], "precip_mm": [0.0, 12.2, 0.0, 2.9, 0.0, 0.0, 25.5, 0.0, 0.0, 0.0], "past_7d_mm": 40.6, "next_3d_mm": 0.0}, "aqi": {"us_aqi": 56, "pm2_5": 7.1}, "burn_rate": 713.4}}, {"type": "Feature", "geometry": {"type": "Point", "coordinates": [-118.51022, 44.71703]}, "properties": {"id": "64ffd472-e106-48c8-87b6-2c2f7fb04774", "source": "WFIGS", "name": "Salmon", "acres": 1426, "contained": 70, "state": "OR", "cause": "Undetermined", "discovered": "2026-07-08T07:16:00+00:00", "rain": {"days": ["2026-07-24", "2026-07-25", "2026-07-26", "2026-07-27", "2026-07-28", "2026-07-29", "2026-07-30", "2026-07-31", "2026-08-01", "2026-08-02"], "precip_mm": [0.0, 0.0, 0.0, 0.0, 0.0, 0.0, 0.0, 0.0, 0.0, 0.0], "past_7d_mm": 0.0, "next_3d_mm": 0.0}, "aqi": {"us_aqi": 63, "pm2_5": 11.4}, "burn_rate": 61.1}}, {"type": "Feature", "geometry": {"type": "Point", "coordinates": [-162.93041, 65.44075]}, "properties": {"id": "718e2031-e249-4cd7-a9d1-a76b5d5622f1", "source": "WFIGS", "name": "Blueberry", "acres": 171.33, "contained": null, "state": "AK", "cause": "Natural", "discovered": "2026-07-08T17:41:11+00:00", "burn_rate": 7.5}}, {"type": "Feature", "geometry": {"type": "Point", "coordinates": [-116.6078, 48.92751]}, "properties": {"id": "aa3df707-b3f6-41b8-a5ff-bf502a918ffc", "source": "WFIGS", "name": "Upper Smith", "acres": 1767, "contained": 13, "state": "ID", "cause": "Natural", "discovered": "2026-07-08T15:29:00+00:00", "rain": {"days": ["2026-07-24", "2026-07-25", "2026-07-26", "2026-07-27", "2026-07-28", "2026-07-29", "2026-07-30", "2026-07-31", "2026-08-01", "2026-08-02"], "precip_mm": [0.0, 0.0, 0.0, 0.0, 0.0, 0.0, 0.0, 0.0, 0.0, 0.0], "past_7d_mm": 0.0, "next_3d_mm": 0.0}, "aqi": {"us_aqi": 90, "pm2_5": 47.5}, "burn_rate": 76.8}}, {"type": "Feature", "geometry": {"type": "Point", "coordinates": [-118.45288, 44.74522]}, "properties": {"id": "882db1be-b19e-4733-b3cd-2140c2c822bb", "source": "WFIGS", "name": "Olive Butte", "acres": 3082, "contained": 62, "state": "OR", "cause": "Natural", "discovered": "2026-07-08T15:39:49+00:00", "rain": {"days": ["2026-07-24", "2026-07-25", "2026-07-26", "2026-07-27", "2026-07-28", "2026-07-29", "2026-07-30", "2026-07-31", "2026-08-01", "2026-08-02"], "precip_mm": [0.0, 0.0, 0.0, 0.0, 0.0, 0.0, 0.0, 0.0, 0.0, 0.0], "past_7d_mm": 0.0, "next_3d_mm": 0.0}, "aqi": {"us_aqi": 63, "pm2_5": 11.4}, "burn_rate": 134.0}}, {"type": "Feature", "geometry": {"type": "Point", "coordinates": [-118.20035, 44.99187]}, "properties": {"id": "5a533167-5d8e-48d7-9e94-d3658afd753b", "source": "WFIGS", "name": "Anthony", "acres": 2583, "contained": 89, "state": "OR", "cause": "Natural", "discovered": "2026-07-08T18:14:00+00:00", "rain": {"days": ["2026-07-24", "2026-07-25", "2026-07-26", "2026-07-27", "2026-07-28", "2026-07-29", "2026-07-30", "2026-07-31", "2026-08-01", "2026-08-02"], "precip_mm": [0.0, 0.0, 0.0, 0.0, 0.0, 0.0, 0.0, 0.0, 0.0, 0.0], "past_7d_mm": 0.0, "next_3d_mm": 0.0}, "aqi": {"us_aqi": 63, "pm2_5": 11.4}, "burn_rate": 112.9}}, {"type": "Feature", "geometry": {"type": "Point", "coordinates": [-153.84919, 66.66467]}, "properties": {"id": "3314d9bb-e611-45ea-b9ab-781f5b125772", "source": "WFIGS", "name": "Hogatza", "acres": 3616.03, "contained": 0, "state": "AK", "cause": "Natural", "discovered": "2026-07-09T02:39:51+00:00", "rain": {"days": ["2026-07-24", "2026-07-25", "2026-07-26", "2026-07-27", "2026-07-28", "2026-07-29", "2026-07-30", "2026-07-31", "2026-08-01", "2026-08-02"], "precip_mm": [0.3, 0.0, 0.8, 1.6, 0.0, 0.0, 0.1, 0.0, 0.0, 0.0], "past_7d_mm": 2.8, "next_3d_mm": 0.0}, "aqi": {"us_aqi": 27, "pm2_5": 6.5}, "burn_rate": 160.5}}, {"type": "Feature", "geometry": {"type": "Point", "coordinates": [-78.06556, 34.80501]}, "properties": {"id": "c008f9d1-0332-40f7-a936-3a3d485aaddc", "source": "WFIGS", "name": "Rose Hill Bay", "acres": 531, "contained": 90, "state": "NC", "cause": "Undetermined", "discovered": "2026-07-08T15:35:00+00:00", "burn_rate": 23.1}}, {"type": "Feature", "geometry": {"type": "Point", "coordinates": [-92.22393, 48.15313]}, "properties": {"id": "a97ea875-a42d-4825-a065-eb7cdb7bfbe1", "source": "WFIGS", "name": "Sioux", "acres": 12591, "contained": 42, "state": "MN", "cause": "Natural", "discovered": "2026-07-09T16:24:00+00:00", "rain": {"days": ["2026-07-24", "2026-07-25", "2026-07-26", "2026-07-27", "2026-07-28", "2026-07-29", "2026-07-30", "2026-07-31", "2026-08-01", "2026-08-02"], "precip_mm": [0.4, 54.7, 0.0, 4.0, 0.0, 0.0, 60.2, 0.0, 0.0, 0.0], "past_7d_mm": 119.3, "next_3d_mm": 0.0}, "aqi": {"us_aqi": 55, "pm2_5": 9.4}, "burn_rate": 573.3}}, {"type": "Feature", "geometry": {"type": "Point", "coordinates": [-107.35483, 38.12419]}, "properties": {"id": "48a23460-97e0-47b3-bda1-be5b747a0b24", "source": "WFIGS", "name": "Elk", "acres": 2317, "contained": 49, "state": "CO", "cause": "Undetermined", "discovered": "2026-07-09T15:46:12+00:00", "rain": {"days": ["2026-07-24", "2026-07-25", "2026-07-26", "2026-07-27", "2026-07-28", "2026-07-29", "2026-07-30", "2026-07-31", "2026-08-01", "2026-08-02"], "precip_mm": [0.0, 20.6, 0.0, 10.4, 0.0, 0.0, 0.0, 0.0, 0.0, 0.0], "past_7d_mm": 31.0, "next_3d_mm": 0.0}, "aqi": {"us_aqi": 41, "pm2_5": 2.6}, "burn_rate": 105.4}}, {"type": "Feature", "geometry": {"type": "Point", "coordinates": [-92.28217, 48.18551]}, "properties": {"id": "68c73a48-d5f6-4bc7-990e-fc54e218ae3f", "source": "WFIGS", "name": "Wolfpack", "acres": 2234, "contained": 0, "state": "MN", "cause": "Undetermined", "discovered": "2026-07-09T20:08:00+00:00", "rain": {"days": ["2026-07-24", "2026-07-25", "2026-07-26", "2026-07-27", "2026-07-28", "2026-07-29", "2026-07-30", "2026-07-31", "2026-08-01", "2026-08-02"], "precip_mm": [0.0, 14.5, 0.0, 7.5, 0.0, 0.0, 51.2, 0.0, 0.0, 0.0], "past_7d_mm": 73.2, "next_3d_mm": 0.0}, "aqi": {"us_aqi": 55, "pm2_5": 9.4}, "burn_rate": 102.5}}, {"type": "Feature", "geometry": {"type": "Point", "coordinates": [-92.76668, 48.26419]}, "properties": {"id": "6ae55419-abc6-4d9f-95f2-f97226794e90", "source": "WFIGS", "name": "Chub", "acres": 424, "contained": 96, "state": "MN", "cause": "Undetermined", "discovered": "2026-07-09T21:28:44+00:00", "burn_rate": 19.5}}, {"type": "Feature", "geometry": {"type": "Point", "coordinates": [-119.60553, 48.3527]}, "properties": {"id": "6d4f9498-a6a5-4c92-9fb5-a0c4ecbc8d1c", "source": "WFIGS", "name": "B And O", "acres": 2762, "contained": 100, "state": "WA", "cause": "Human", "discovered": "2026-07-09T21:14:00+00:00", "rain": {"days": ["2026-07-24", "2026-07-25", "2026-07-26", "2026-07-27", "2026-07-28", "2026-07-29", "2026-07-30", "2026-07-31", "2026-08-01", "2026-08-02"], "precip_mm": [0.0, 0.0, 0.0, 0.0, 0.0, 0.0, 0.0, 0.0, 0.0, 0.0], "past_7d_mm": 0.0, "next_3d_mm": 0.0}, "aqi": {"us_aqi": 133, "pm2_5": 73.3}, "burn_rate": 126.9}}, {"type": "Feature", "geometry": {"type": "Point", "coordinates": [-150.25395, 67.44742]}, "properties": {"id": "d03938ee-6261-4d53-8fdd-7f53878109ea", "source": "WFIGS", "name": "Nutmeg", "acres": 767.26, "contained": 0, "state": "AK", "cause": "Natural", "discovered": "2026-07-10T05:30:19+00:00", "burn_rate": 35.8}}, {"type": "Feature", "geometry": {"type": "Point", "coordinates": [-117.68602, 34.45499]}, "properties": {"id": "5a2db248-4450-48d2-925c-0b1404f927a8", "source": "WFIGS", "name": "Summit", "acres": 2690, "contained": 100, "state": "CA", "cause": "Undetermined", "discovered": "2026-07-10T19:48:05+00:00", "rain": {"days": ["2026-07-24", "2026-07-25", "2026-07-26", "2026-07-27", "2026-07-28", "2026-07-29", "2026-07-30", "2026-07-31", "2026-08-01", "2026-08-02"], "precip_mm": [0.0, 0.0, 0.0, 0.0, 0.0, 0.0, 0.0, 0.0, 0.0, 0.0], "past_7d_mm": 0.0, "next_3d_mm": 0.0}, "aqi": {"us_aqi": 57, "pm2_5": 18.0}, "burn_rate": 129.2}}, {"type": "Feature", "geometry": {"type": "Point", "coordinates": [-151.92658, 66.37324]}, "properties": {"id": "ae449286-ca31-4ac8-b115-06bcabd5a883", "source": "WFIGS", "name": "Konedsin Minnkohwin", "acres": 171.02, "contained": 50, "state": "AK", "cause": "Natural", "discovered": "2026-07-10T20:09:54+00:00", "burn_rate": 8.2}}, {"type": "Feature", "geometry": {"type": "Point", "coordinates": [-123.00185, 42.60396]}, "properties": {"id": "c12bfcd9-62ee-42d7-a015-fc8b8bfa0793", "source": "WFIGS", "name": "E Evans Creek Rd 18000", "acres": 15580, "contained": 87, "state": "OR", "cause": "Undetermined", "discovered": "2026-07-10T21:39:00+00:00", "rain": {"days": ["2026-07-24", "2026-07-25", "2026-07-26", "2026-07-27", "2026-07-28", "2026-07-29", "2026-07-30", "2026-07-31", "2026-08-01", "2026-08-02"], "precip_mm": [0.0, 0.0, 0.0, 0.0, 0.0, 0.0, 0.0, 0.0, 0.0, 0.0], "past_7d_mm": 0.0, "next_3d_mm": 0.0}, "aqi": {"us_aqi": 35, "pm2_5": 7.6}, "burn_rate": 751.1}}, {"type": "Feature", "geometry": {"type": "Point", "coordinates": [-154.35555, 66.66263]}, "properties": {"id": "ab0b076d-ae95-43e0-bd73-055dd9f25451", "source": "WFIGS", "name": "Norutak", "acres": 102.8, "contained": 0, "state": "AK", "cause": "Natural", "discovered": "2026-07-10T22:32:05+00:00", "burn_rate": 5.0}}, {"type": "Feature", "geometry": {"type": "Point", "coordinates": [-112.56028, 40.14991]}, "properties": {"id": "a32b1a1f-af64-4903-9b75-8bcb276eb1de", "source": "WFIGS", "name": "Stookey", "acres": 11881, "contained": 100, "state": "UT", "cause": "Natural", "discovered": "2026-07-10T23:23:00+00:00", "rain": {"days": ["2026-07-24", "2026-07-25", "2026-07-26", "2026-07-27", "2026-07-28", "2026-07-29", "2026-07-30", "2026-07-31", "2026-08-01", "2026-08-02"], "precip_mm": [0.0, 3.6, 0.0, 0.0, 0.0, 0.0, 0.0, 0.0, 0.0, 0.0], "past_7d_mm": 3.6, "next_3d_mm": 0.0}, "aqi": {"us_aqi": 44, "pm2_5": 13.0}, "burn_rate": 574.8}}, {"type": "Feature", "geometry": {"type": "Point", "coordinates": [-81.70056, 28.31751]}, "properties": {"id": "8becde12-fbff-4c07-b933-80c5719bb9c6", "source": "WFIGS", "name": "Sand Mine (53)", "acres": 185, "contained": 90, "state": "FL", "cause": "Natural", "discovered": "2026-07-09T22:15:00+00:00", "burn_rate": 8.5}}, {"type": "Feature", "geometry": {"type": "Point", "coordinates": [-78.42384, 33.93317]}, "properties": {"id": "df7ef591-e38c-4973-b276-78df46dc87a7", "source": "WFIGS", "name": "Quarry Road", "acres": 283, "contained": 90, "state": "NC", "cause": "Undetermined", "discovered": "2026-07-10T22:50:00+00:00", "burn_rate": 13.7}}, {"type": "Feature", "geometry": {"type": "Point", "coordinates": [-121.06485, 40.02456]}, "properties": {"id": "6355def6-3ba2-423b-a1c5-2d653ac09977", "source": "WFIGS", "name": "Twain", "acres": 276, "contained": 100, "state": "CA", "cause": "Undetermined", "discovered": "2026-07-11T18:48:00+00:00", "burn_rate": 13.9}}, {"type": "Feature", "geometry": {"type": "Point", "coordinates": [-121.15468, 40.96584]}, "properties": {"id": "20bacabe-dcc0-4b41-a0da-997aed50d8c4", "source": "WFIGS", "name": "Loomis", "acres": 656, "contained": 99, "state": "CA", "cause": "Undetermined", "discovered": "2026-07-11T19:02:35+00:00", "burn_rate": 33.0}}, {"type": "Feature", "geometry": {"type": "Point", "coordinates": [-146.21642, 66.0193]}, "properties": {"id": "79998073-77fa-488e-b2eb-98bdcfb80ac6", "source": "WFIGS", "name": "Beaver", "acres": 115.24, "contained": null, "state": "AK", "cause": "Natural", "discovered": "2026-07-12T04:52:08+00:00", "burn_rate": 5.9}}, {"type": "Feature", "geometry": {"type": "Point", "coordinates": [-91.97484, 48.21168]}, "properties": {"id": "4570217a-5483-4797-954d-6893ad72613b", "source": "WFIGS", "name": "Dark", "acres": 270, "contained": 100, "state": "MN", "cause": "Natural", "discovered": "2026-07-12T16:58:40+00:00", "burn_rate": 14.3}}, {"type": "Feature", "geometry": {"type": "Point", "coordinates": [-111.13327, 40.39163]}, "properties": {"id": "9a3b6a51-6376-4816-bd84-fdd6dcb2a3ef", "source": "WFIGS", "name": "Buck Basin", "acres": 145, "contained": 100, "state": "UT", "cause": "Natural", "discovered": "2026-07-12T03:07:21+00:00", "burn_rate": 7.4}}, {"type": "Feature", "geometry": {"type": "Point", "coordinates": [-106.71833, 40.40161]}, "properties": {"id": "7ce74a5f-5438-4d0f-8589-52a029eaa3f7", "source": "WFIGS", "name": "Fishhook", "acres": 309, "contained": 100, "state": "CO", "cause": "Undetermined", "discovered": "2026-07-12T17:28:00+00:00", "burn_rate": 16.3}}, {"type": "Feature", "geometry": {"type": "Point", "coordinates": [-106.00921, 44.55214]}, "properties": {"id": "fed58479-7a95-4b75-ab5c-a7e47b7df46b", "source": "WFIGS", "name": "Wildhorse Creek", "acres": 350, "contained": 100, "state": "WY", "cause": "Undetermined", "discovered": "2026-07-12T21:05:03+00:00", "burn_rate": 18.7}}, {"type": "Feature", "geometry": {"type": "Point", "coordinates": [-121.15071, 39.35155]}, "properties": {"id": "4c9d1fd7-7131-412a-9995-ca7789782346", "source": "WFIGS", "name": "Chute", "acres": 162, "contained": 95, "state": "CA", "cause": "Undetermined", "discovered": "2026-07-13T15:20:13+00:00", "burn_rate": 9.0}}, {"type": "Feature", "geometry": {"type": "Point", "coordinates": [-108.22356, 39.87356]}, "properties": {"id": "f57509fb-e97a-41a6-9cff-18434288651d", "source": "WFIGS", "name": "P-L Gulch", "acres": 1580, "contained": 100, "state": "CO", "cause": "Human", "discovered": "2026-07-13T18:36:00+00:00", "rain": {"days": ["2026-07-24", "2026-07-25", "2026-07-26", "2026-07-27", "2026-07-28", "2026-07-29", "2026-07-30", "2026-07-31", "2026-08-01", "2026-08-02"], "precip_mm": [0.0, 4.3, 0.0, 0.0, 5.0, 15.1, 1.1, 0.0, 0.0, 0.0], "past_7d_mm": 25.5, "next_3d_mm": 0.0}, "aqi": {"us_aqi": 35, "pm2_5": 4.2}, "burn_rate": 88.4}}, {"type": "Feature", "geometry": {"type": "Point", "coordinates": [-105.49198, 44.52537]}, "properties": {"id": "c9f975c3-9b40-47a0-8b52-581e33e55263", "source": "WFIGS", "name": "Bull Creek", "acres": 246, "contained": null, "state": "WY", "cause": "Human", "discovered": "2026-07-13T21:51:00+00:00", "burn_rate": 13.9}}, {"type": "Feature", "geometry": {"type": "Point", "coordinates": [-118.76985, 46.65184]}, "properties": {"id": "4a3fd0a7-6eba-46d3-ad8d-1bb74a1b8970", "source": "WFIGS", "name": "Stine", "acres": 440, "contained": 100, "state": "WA", "cause": "Human", "discovered": "2026-07-15T00:21:00+00:00", "burn_rate": 26.5}}, {"type": "Feature", "geometry": {"type": "Point", "coordinates": [-91.10484, 48.16108]}, "properties": {"id": "2abf59d7-9768-4eaa-9728-3187a0a69506", "source": "WFIGS", "name": "Little Knife", "acres": 4958, "contained": 70, "state": "MN", "cause": "Undetermined", "discovered": "2026-07-15T14:48:00+00:00", "rain": {"days": ["2026-07-24", "2026-07-25", "2026-07-26", "2026-07-27", "2026-07-28", "2026-07-29", "2026-07-30", "2026-07-31", "2026-08-01", "2026-08-02"], "precip_mm": [0.0, 1.1, 0.0, 6.8, 0.0, 0.0, 0.0, 0.0, 0.0, 0.0], "past_7d_mm": 7.9, "next_3d_mm": 0.0}, "aqi": {"us_aqi": 58, "pm2_5": 12.7}, "burn_rate": 309.3}}, {"type": "Feature", "geometry": {"type": "Point", "coordinates": [-120.90711, 44.58857]}, "properties": {"id": "ccefd7d4-febd-496d-855e-ca0c9944bf0c", "source": "WFIGS", "name": "0433 Brewer", "acres": 70821, "contained": 100, "state": "OR", "cause": "Natural", "discovered": "2026-07-15T23:29:00+00:00", "rain": {"days": ["2026-07-24", "2026-07-25", "2026-07-26", "2026-07-27", "2026-07-28", "2026-07-29", "2026-07-30", "2026-07-31", "2026-08-01", "2026-08-02"], "precip_mm": [0.0, 0.0, 0.0, 0.0, 0.0, 0.0, 0.0, 0.0, 0.0, 0.0], "past_7d_mm": 0.0, "next_3d_mm": 0.0}, "aqi": {"us_aqi": 210, "pm2_5": 295.2}, "burn_rate": 4520.7}}, {"type": "Feature", "geometry": {"type": "Point", "coordinates": [-118.41068, 45.90609]}, "properties": {"id": "2336e5b4-cc51-4458-ade8-c8ff256fe83d", "source": "WFIGS", "name": "Lower Dry Creek Mutual Aid", "acres": 8096, "contained": 100, "state": "OR", "cause": "Undetermined", "discovered": "2026-07-14T21:59:32+00:00", "rain": {"days": ["2026-07-24", "2026-07-25", "2026-07-26", "2026-07-27", "2026-07-28", "2026-07-29", "2026-07-30", "2026-07-31", "2026-08-01", "2026-08-02"], "precip_mm": [0.0, 0.0, 0.0, 0.0, 0.0, 0.0, 0.0, 0.0, 0.0, 0.0], "past_7d_mm": 0.0, "next_3d_mm": 0.0}, "aqi": {"us_aqi": 147, "pm2_5": 113.2}, "burn_rate": 484.0}}, {"type": "Feature", "geometry": {"type": "Point", "coordinates": [-120.35027, 45.18895]}, "properties": {"id": "ee6fcf97-7637-4721-b125-741098779d99", "source": "WFIGS", "name": "0449 Porcupine Ridge", "acres": 79200, "contained": 100, "state": "OR", "cause": "Natural", "discovered": "2026-07-16T01:07:00+00:00", "rain": {"days": ["2026-07-24", "2026-07-25", "2026-07-26", "2026-07-27", "2026-07-28", "2026-07-29", "2026-07-30", "2026-07-31", "2026-08-01", "2026-08-02"], "precip_mm": [0.0, 0.0, 0.0, 0.0, 0.0, 0.0, 0.0, 0.0, 0.0, 0.0], "past_7d_mm": 0.0, "next_3d_mm": 0.0}, "aqi": {"us_aqi": 101, "pm2_5": 59.5}, "burn_rate": 5077.6}}, {"type": "Feature", "geometry": {"type": "Point", "coordinates": [-120.17985, 44.75851]}, "properties": {"id": "28a994d6-89e3-4460-9a36-d7df4d839df2", "source": "WFIGS", "name": "0444 Twickenham", "acres": 254, "contained": 100, "state": "OR", "cause": "Natural", "discovered": "2026-07-16T00:51:12+00:00", "burn_rate": 16.3}}, {"type": "Feature", "geometry": {"type": "Point", "coordinates": [-120.20251, 44.76184]}, "properties": {"id": "75a59419-a9f2-4169-aaea-5f794a4f3200", "source": "WFIGS", "name": "0442 Redrock", "acres": 256, "contained": 100, "state": "OR", "cause": "Natural", "discovered": "2026-07-16T00:41:00+00:00", "burn_rate": 16.4}}, {"type": "Feature", "geometry": {"type": "Point", "coordinates": [-120.34642, 44.9429]}, "properties": {"id": "4e89d5a2-91ac-4a93-b93f-b0e0279b5a98", "source": "WFIGS", "name": "0450 Cove Creek", "acres": 7208, "contained": 100, "state": "OR", "cause": "Natural", "discovered": "2026-07-16T01:08:00+00:00", "rain": {"days": ["2026-07-24", "2026-07-25", "2026-07-26", "2026-07-27", "2026-07-28", "2026-07-29", "2026-07-30", "2026-07-31", "2026-08-01", "2026-08-02"], "precip_mm": [0.0, 0.0, 0.0, 0.0, 0.0, 0.0, 0.0, 0.0, 0.0, 0.0], "past_7d_mm": 0.0, "next_3d_mm": 0.0}, "aqi": {"us_aqi": 149, "pm2_5": 136.0}, "burn_rate": 462.1}}, {"type": "Feature", "geometry": {"type": "Point", "coordinates": [-120.19918, 44.80334]}, "properties": {"id": "1b0219ee-5298-4fef-9927-c2666d9d53fc", "source": "WFIGS", "name": "0445 Crosswhite", "acres": 184669, "contained": 38, "state": "OR", "cause": "Natural", "discovered": "2026-07-16T00:51:54+00:00", "rain": {"days": ["2026-07-24", "2026-07-25", "2026-07-26", "2026-07-27", "2026-07-28", "2026-07-29", "2026-07-30", "2026-07-31", "2026-08-01", "2026-08-02"], "precip_mm": [0.0, 0.0, 0.0, 0.0, 0.0, 0.0, 0.0, 0.0, 0.0, 0.0], "past_7d_mm": 0.0, "next_3d_mm": 0.0}, "aqi": {"us_aqi": 119, "pm2_5": 92.7}, "burn_rate": 11831.3}}, {"type": "Feature", "geometry": {"type": "Point", "coordinates": [-120.05201, 44.76167]}, "properties": {"id": "ff6762f8-a3ab-4432-9114-ff06358a7a84", "source": "WFIGS", "name": "0446 Camel Hump", "acres": 6614, "contained": 68, "state": "OR", "cause": "Natural", "discovered": "2026-07-16T00:53:00+00:00", "rain": {"days": ["2026-07-24", "2026-07-25", "2026-07-26", "2026-07-27", "2026-07-28", "2026-07-29", "2026-07-30", "2026-07-31", "2026-08-01", "2026-08-02"], "precip_mm": [0.0, 0.0, 0.0, 0.0, 0.0, 0.0, 0.0, 0.0, 0.0, 0.0], "past_7d_mm": 0.0, "next_3d_mm": 0.0}, "aqi": {"us_aqi": 119, "pm2_5": 92.7}, "burn_rate": 423.8}}, {"type": "Feature", "geometry": {"type": "Point", "coordinates": [-120.24296, 45.33634]}, "properties": {"id": "14e08b9c-1f24-40b2-ac5e-ba04112f33d0", "source": "WFIGS", "name": "0460 Hopkin", "acres": 11366, "contained": 100, "state": "OR", "cause": "Natural", "discovered": "2026-07-16T02:27:00+00:00", "rain": {"days": ["2026-07-24", "2026-07-25", "2026-07-26", "2026-07-27", "2026-07-28", "2026-07-29", "2026-07-30", "2026-07-31", "2026-08-01", "2026-08-02"], "precip_mm": [0.0, 0.0, 0.0, 0.0, 0.0, 0.0, 0.0, 0.0, 0.0, 0.0], "past_7d_mm": 0.0, "next_3d_mm": 0.0}, "aqi": {"us_aqi": 101, "pm2_5": 59.5}, "burn_rate": 731.3}}, {"type": "Feature", "geometry": {"type": "Point", "coordinates": [-118.95865, 48.11678]}, "properties": {"id": "b5597100-d6c9-49f9-bc74-6b8fc4432e92", "source": "WFIGS", "name": "Kaiser Canyon", "acres": 129678, "contained": 29, "state": "WA", "cause": "Natural", "discovered": "2026-07-16T12:30:00+00:00", "rain": {"days": ["2026-07-24", "2026-07-25", "2026-07-26", "2026-07-27", "2026-07-28", "2026-07-29", "2026-07-30", "2026-07-31", "2026-08-01", "2026-08-02"], "precip_mm": [0.0, 0.0, 0.0, 0.0, 0.0, 0.0, 0.0, 0.0, 0.0, 0.0], "past_7d_mm": 0.0, "next_3d_mm": 0.0}, "aqi": {"us_aqi": 126, "pm2_5": 164.4}, "burn_rate": 8574.5}}, {"type": "Feature", "geometry": {"type": "Point", "coordinates": [-120.84663, 48.01622]}, "properties": {"id": "091081ed-bd23-4610-ae4a-270f95d1711e", "source": "WFIGS", "name": "Little Giant", "acres": 25209, "contained": 0, "state": "WA", "cause": "Natural", "discovered": "2026-07-16T01:17:54+00:00", "rain": {"days": ["2026-07-24", "2026-07-25", "2026-07-26", "2026-07-27", "2026-07-28", "2026-07-29", "2026-07-30", "2026-07-31", "2026-08-01", "2026-08-02"], "precip_mm": [0.0, 0.0, 0.0, 0.0, 0.0, 0.0, 0.0, 0.0, 0.8, 0.0], "past_7d_mm": 0.0, "next_3d_mm": 0.8}, "aqi": {"us_aqi": 154, "pm2_5": 94.3}, "burn_rate": 1617.0}}, {"type": "Feature", "geometry": {"type": "Point", "coordinates": [-118.23916, 46.62591]}, "properties": {"id": "37e401a1-1342-4679-b583-5a991690ec07", "source": "WFIGS", "name": "Lyons Ferry", "acres": 33749, "contained": 100, "state": "WA", "cause": "Undetermined", "discovered": "2026-07-16T16:55:00+00:00", "rain": {"days": ["2026-07-24", "2026-07-25", "2026-07-26", "2026-07-27", "2026-07-28", "2026-07-29", "2026-07-30", "2026-07-31", "2026-08-01", "2026-08-02"], "precip_mm": [0.0, 0.0, 0.0, 0.0, 0.0, 0.0, 0.0, 0.0, 0.0, 0.0], "past_7d_mm": 0.0, "next_3d_mm": 0.0}, "aqi": {"us_aqi": 52, "pm2_5": 16.8}, "burn_rate": 2259.0}}, {"type": "Feature", "geometry": {"type": "Point", "coordinates": [-120.61661, 44.20441]}, "properties": {"id": "71c8f882-e34d-47aa-a6bc-c7b711b5c517", "source": "WFIGS", "name": "0477 Pilot", "acres": 118, "contained": 100, "state": "OR", "cause": "Natural", "discovered": "2026-07-16T17:14:24+00:00", "burn_rate": 7.9}}, {"type": "Feature", "geometry": {"type": "Point", "coordinates": [-117.9743, 45.99814]}, "properties": {"id": "c8034780-d588-48da-8bc9-c6ced34cd8df", "source": "WFIGS", "name": "Paradise", "acres": 765, "contained": 0, "state": "OR", "cause": "Natural", "discovered": "2026-07-16T19:38:30+00:00", "burn_rate": 51.6}}, {"type": "Feature", "geometry": {"type": "Point", "coordinates": [-80.54056, 26.25667]}, "properties": {"id": "f562e976-7172-47aa-8026-aaa6432e80e9", "source": "WFIGS", "name": "Mile Marker 40- Broward (06)", "acres": 6750, "contained": 100, "state": "FL", "cause": "Natural", "discovered": "2026-07-16T12:00:00+00:00", "rain": {"days": ["2026-07-24", "2026-07-25", "2026-07-26", "2026-07-27", "2026-07-28", "2026-07-29", "2026-07-30", "2026-07-31", "2026-08-01", "2026-08-02"], "precip_mm": [3.6, 15.1, 0.8, 0.0, 0.4, 0.0, 0.0, 0.4, 6.2, 4.6], "past_7d_mm": 19.9, "next_3d_mm": 11.2}, "aqi": {"us_aqi": 52, "pm2_5": 7.7}, "burn_rate": 445.7}}, {"type": "Feature", "geometry": {"type": "Point", "coordinates": [-119.59801, 44.86117]}, "properties": {"id": "bbb22c77-2f2d-419e-a930-9b75a0a55f83", "source": "WFIGS", "name": "Bologna", "acres": 2425, "contained": 95, "state": "OR", "cause": "Natural", "discovered": "2026-07-16T19:10:00+00:00", "rain": {"days": ["2026-07-24", "2026-07-25", "2026-07-26", "2026-07-27", "2026-07-28", "2026-07-29", "2026-07-30", "2026-07-31", "2026-08-01", "2026-08-02"], "precip_mm": [0.0, 0.0, 0.0, 0.0, 0.0, 0.0, 0.0, 0.0, 0.0, 0.0], "past_7d_mm": 0.0, "next_3d_mm": 0.0}, "aqi": {"us_aqi": 95, "pm2_5": 35.6}, "burn_rate": 163.3}}, {"type": "Feature", "geometry": {"type": "Point", "coordinates": [-121.45318, 44.47237]}, "properties": {"id": "fb09be92-863f-47da-bc3a-38e6c44753b7", "source": "WFIGS", "name": "0494 Akawa Butte", "acres": 27429, "contained": 43, "state": "OR", "cause": "Natural", "discovered": "2026-07-16T20:41:00+00:00", "rain": {"days": ["2026-07-24", "2026-07-25", "2026-07-26", "2026-07-27", "2026-07-28", "2026-07-29", "2026-07-30", "2026-07-31", "2026-08-01", "2026-08-02"], "precip_mm": [0.0, 0.0, 0.0, 0.0, 0.0, 0.0, 0.0, 0.0, 0.0, 0.0], "past_7d_mm": 0.0, "next_3d_mm": 0.0}, "aqi": {"us_aqi": 66, "pm2_5": 3.0}, "burn_rate": 1855.5}}, {"type": "Feature", "geometry": {"type": "Point", "coordinates": [-120.57551, 44.14992]}, "properties": {"id": "716bc404-1077-4ed6-97dc-ca59bd597b21", "source": "WFIGS", "name": "0493 Connant", "acres": 110, "contained": 100, "state": "OR", "cause": "Natural", "discovered": "2026-07-16T20:29:00+00:00", "burn_rate": 7.4}}, {"type": "Feature", "geometry": {"type": "Point", "coordinates": [-121.04918, 40.92967]}, "properties": {"id": "fb307fa7-f8db-486e-ad9c-38010bbab202", "source": "WFIGS", "name": "3-6 Wagon", "acres": 205, "contained": 100, "state": "CA", "cause": "Undetermined", "discovered": "2026-07-16T23:05:24+00:00", "burn_rate": 14.0}}, {"type": "Feature", "geometry": {"type": "Point", "coordinates": [-120.40513, 45.56219]}, "properties": {"id": "0bac8699-01a7-4d17-a418-4acb6c324e43", "source": "WFIGS", "name": "0476 Hoag", "acres": 50224, "contained": 100, "state": "OR", "cause": "Natural", "discovered": "2026-07-16T17:00:00+00:00", "rain": {"days": ["2026-07-24", "2026-07-25", "2026-07-26", "2026-07-27", "2026-07-28", "2026-07-29", "2026-07-30", "2026-07-31", "2026-08-01", "2026-08-02"], "precip_mm": [0.0, 0.0, 0.0, 0.0, 0.0, 0.0, 0.0, 0.0, 0.0, 0.0], "past_7d_mm": 0.0, "next_3d_mm": 0.0}, "aqi": {"us_aqi": 81, "pm2_5": 55.2}, "burn_rate": 3362.6}}, {"type": "Feature", "geometry": {"type": "Point", "coordinates": [-120.83601, 44.86451]}, "properties": {"id": "23230fe2-352a-4036-8a22-0e58c817554c", "source": "WFIGS", "name": "0485 Deep Canyon", "acres": 8089, "contained": 100, "state": "OR", "cause": "Natural", "discovered": "2026-07-16T19:11:00+00:00", "rain": {"days": ["2026-07-24", "2026-07-25", "2026-07-26", "2026-07-27", "2026-07-28", "2026-07-29", "2026-07-30", "2026-07-31", "2026-08-01", "2026-08-02"], "precip_mm": [0.0, 0.0, 0.0, 0.0, 0.0, 0.0, 0.0, 0.0, 0.0, 0.0], "past_7d_mm": 0.0, "next_3d_mm": 0.0}, "aqi": {"us_aqi": 164, "pm2_5": 168.1}, "burn_rate": 544.9}}, {"type": "Feature", "geometry": {"type": "Point", "coordinates": [-119.46843, 43.72717]}, "properties": {"id": "51f19bd3-95d8-4d13-9efb-861321edb7ae", "source": "WFIGS", "name": "Egypt", "acres": 4553, "contained": 82, "state": "OR", "cause": "Natural", "discovered": "2026-07-16T16:31:00+00:00", "rain": {"days": ["2026-07-24", "2026-07-25", "2026-07-26", "2026-07-27", "2026-07-28", "2026-07-29", "2026-07-30", "2026-07-31", "2026-08-01", "2026-08-02"], "precip_mm": [0.0, 0.0, 0.0, 0.0, 0.0, 0.0, 0.0, 0.0, 0.0, 0.0], "past_7d_mm": 0.0, "next_3d_mm": 0.0}, "aqi": {"us_aqi": 127, "pm2_5": 76.8}, "burn_rate": 304.4}}, {"type": "Feature", "geometry": {"type": "Point", "coordinates": [-120.49268, 44.10004]}, "properties": {"id": "e602a548-46c4-4074-a213-3e7c70fa9444", "source": "WFIGS", "name": "0500 Coyote", "acres": 17476, "contained": 77, "state": "OR", "cause": "Natural", "discovered": "2026-07-16T22:04:00+00:00", "rain": {"days": ["2026-07-24", "2026-07-25", "2026-07-26", "2026-07-27", "2026-07-28", "2026-07-29", "2026-07-30", "2026-07-31", "2026-08-01", "2026-08-02"], "precip_mm": [0.0, 0.0, 0.0, 0.0, 0.0, 0.0, 0.0, 0.0, 0.0, 0.0], "past_7d_mm": 0.0, "next_3d_mm": 0.0}, "aqi": {"us_aqi": 180, "pm2_5": 192.8}, "burn_rate": 1186.8}}, {"type": "Feature", "geometry": {"type": "Point", "coordinates": [-118.26901, 45.70701]}, "properties": {"id": "d4e53810-46d0-48fb-889b-3e670328dcfb", "source": "WFIGS", "name": "Hagen", "acres": 33504, "contained": 3, "state": "OR", "cause": "Natural", "discovered": "2026-07-16T23:20:47+00:00", "rain": {"days": ["2026-07-24", "2026-07-25", "2026-07-26", "2026-07-27", "2026-07-28", "2026-07-29", "2026-07-30", "2026-07-31", "2026-08-01", "2026-08-02"], "precip_mm": [0.0, 0.0, 0.0, 0.0, 0.0, 0.0, 0.0, 0.0, 0.0, 0.0], "past_7d_mm": 0.0, "next_3d_mm": 0.0}, "aqi": {"us_aqi": 146, "pm2_5": 100.6}, "burn_rate": 2283.6}}, {"type": "Feature", "geometry": {"type": "Point", "coordinates": [-82.85028, 30.49362]}, "properties": {"id": "54d88acc-f17f-48fc-8efa-ff90f52efb89", "source": "WFIGS", "name": "Bee Haven Bay (24-06)", "acres": 170, "contained": 73, "state": "FL", "cause": "Natural", "discovered": "2026-07-14T18:00:00+00:00", "burn_rate": 10.1}}, {"type": "Feature", "geometry": {"type": "Point", "coordinates": [-119.94773, 44.12112]}, "properties": {"id": "f756826a-6a0b-4256-a3ec-311b5a56b2a3", "source": "WFIGS", "name": "0497 Henry", "acres": 29881, "contained": 65, "state": "OR", "cause": "Natural", "discovered": "2026-07-16T21:15:00+00:00", "rain": {"days": ["2026-07-24", "2026-07-25", "2026-07-26", "2026-07-27", "2026-07-28", "2026-07-29", "2026-07-30", "2026-07-31", "2026-08-01", "2026-08-02"], "precip_mm": [0.0, 0.0, 0.0, 0.0, 0.0, 0.0, 0.0, 0.0, 0.0, 0.0], "past_7d_mm": 0.0, "next_3d_mm": 0.0}, "aqi": {"us_aqi": 157, "pm2_5": 146.7}, "burn_rate": 2024.6}}, {"type": "Feature", "geometry": {"type": "Point", "coordinates": [-121.0277, 48.99821]}, "properties": {"id": "a60ca689-bd59-4a2d-9bdc-cc551ceafca4", "source": "WFIGS", "name": "Border 2", "acres": 3000, "contained": 0, "state": "WA", "cause": "Natural", "discovered": "2026-07-17T01:14:33+00:00", "rain": {"days": ["2026-07-24", "2026-07-25", "2026-07-26", "2026-07-27", "2026-07-28", "2026-07-29", "2026-07-30", "2026-07-31", "2026-08-01", "2026-08-02"], "precip_mm": [0.0, 0.0, 0.0, 0.0, 0.0, 0.0, 0.0, 0.0, 0.7, 0.0], "past_7d_mm": 0.0, "next_3d_mm": 0.7}, "aqi": {"us_aqi": 52, "pm2_5": 25.0}, "burn_rate": 205.6}}, {"type": "Feature", "geometry": {"type": "Point", "coordinates": [-118.34598, 45.54181]}, "properties": {"id": "59d0ccba-067c-4422-8fd0-07f3eab5581b", "source": "WFIGS", "name": "Horse Ridge", "acres": 838, "contained": 95, "state": "OR", "cause": "Natural", "discovered": "2026-07-16T21:30:00+00:00", "burn_rate": 56.8}}, {"type": "Feature", "geometry": {"type": "Point", "coordinates": [-119.84751, 44.73233]}, "properties": {"id": "4809f4ac-3b2c-4919-b7fe-706768e03b93", "source": "WFIGS", "name": "0489 Parrish", "acres": 404, "contained": 100, "state": "OR", "cause": "Natural", "discovered": "2026-07-16T19:46:00+00:00", "burn_rate": 27.3}}, {"type": "Feature", "geometry": {"type": "Point", "coordinates": [-120.7592, 45.00014]}, "properties": {"id": "09290068-0244-4a3c-aed4-6d828812f2b1", "source": "WFIGS", "name": "0432", "acres": 2183, "contained": 100, "state": "OR", "cause": "Natural", "discovered": "2026-07-15T23:20:07+00:00", "rain": {"days": ["2026-07-24", "2026-07-25", "2026-07-26", "2026-07-27", "2026-07-28", "2026-07-29", "2026-07-30", "2026-07-31", "2026-08-01", "2026-08-02"], "precip_mm": [0.0, 0.0, 0.0, 0.0, 0.0, 0.0, 0.0, 0.0, 0.0, 0.0], "past_7d_mm": 0.0, "next_3d_mm": 0.0}, "aqi": {"us_aqi": 161, "pm2_5": 146.2}, "burn_rate": 139.3}}, {"type": "Feature", "geometry": {"type": "Point", "coordinates": [-118.92788, 46.40522]}, "properties": {"id": "7f0d7422-6760-4b64-b807-6a0df941db5a", "source": "WFIGS", "name": "Ruby", "acres": 349, "contained": 100, "state": "WA", "cause": "Undetermined", "discovered": "2026-07-16T22:55:00+00:00", "burn_rate": 23.8}}, {"type": "Feature", "geometry": {"type": "Point", "coordinates": [-120.29703, 44.82934]}, "properties": {"id": "a430cf58-32e0-4019-8252-9b283afd65e9", "source": "WFIGS", "name": "0502", "acres": 1816, "contained": 100, "state": "OR", "cause": "Undetermined", "discovered": "2026-07-17T00:58:21+00:00", "rain": {"days": ["2026-07-24", "2026-07-25", "2026-07-26", "2026-07-27", "2026-07-28", "2026-07-29", "2026-07-30", "2026-07-31", "2026-08-01", "2026-08-02"], "precip_mm": [0.0, 0.0, 0.0, 0.0, 0.0, 0.0, 0.0, 0.0, 0.0, 0.0], "past_7d_mm": 0.0, "next_3d_mm": 0.0}, "aqi": {"us_aqi": 149, "pm2_5": 136.0}, "burn_rate": 124.3}}, {"type": "Feature", "geometry": {"type": "Point", "coordinates": [-117.27768, 44.75526]}, "properties": {"id": "40ef4d3a-a1d9-48da-a96b-a58f164e5e68", "source": "WFIGS", "name": "Powder River", "acres": 21088, "contained": 96, "state": "OR", "cause": "Undetermined", "discovered": "2026-07-17T05:30:00+00:00", "rain": {"days": ["2026-07-24", "2026-07-25", "2026-07-26", "2026-07-27", "2026-07-28", "2026-07-29", "2026-07-30", "2026-07-31", "2026-08-01", "2026-08-02"], "precip_mm": [0.0, 0.0, 0.0, 0.0, 0.0, 0.0, 0.0, 0.0, 0.0, 0.0], "past_7d_mm": 0.0, "next_3d_mm": 0.0}, "aqi": {"us_aqi": 155, "pm2_5": 63.1}, "burn_rate": 1462.9}}, {"type": "Feature", "geometry": {"type": "Point", "coordinates": [-120.33329, 44.72534]}, "properties": {"id": "6c455132-8cc9-4c80-8f08-4f734a489d03", "source": "WFIGS", "name": "0501 Pat'S Cabin", "acres": 772, "contained": 100, "state": "OR", "cause": "Natural", "discovered": "2026-07-16T23:27:15+00:00", "burn_rate": 52.6}}, {"type": "Feature", "geometry": {"type": "Point", "coordinates": [-120.60951, 48.94201]}, "properties": {"id": "735ffadd-9f45-4188-a66b-335931316e23", "source": "WFIGS", "name": "Ptarmigan", "acres": 12000, "contained": 0, "state": "WA", "cause": "Undetermined", "discovered": "2026-07-17T15:21:00+00:00", "rain": {"days": ["2026-07-24", "2026-07-25", "2026-07-26", "2026-07-27", "2026-07-28", "2026-07-29", "2026-07-30", "2026-07-31", "2026-08-01", "2026-08-02"], "precip_mm": [0.0, 0.0, 0.0, 0.0, 0.0, 0.0, 0.0, 0.0, 0.0, 0.0], "past_7d_mm": 0.0, "next_3d_mm": 0.0}, "aqi": {"us_aqi": 145, "pm2_5": 70.1}, "burn_rate": 856.8}}, {"type": "Feature", "geometry": {"type": "Point", "coordinates": [-118.3126, 48.06901]}, "properties": {"id": "22d5bb97-9b75-4fb1-a8f6-caacebb7c124", "source": "WFIGS", "name": "Modrite", "acres": 21249, "contained": 27, "state": "WA", "cause": "Natural", "discovered": "2026-07-17T14:51:00+00:00", "rain": {"days": ["2026-07-24", "2026-07-25", "2026-07-26", "2026-07-27", "2026-07-28", "2026-07-29", "2026-07-30", "2026-07-31", "2026-08-01", "2026-08-02"], "precip_mm": [0.0, 0.0, 0.0, 0.0, 0.0, 0.0, 0.0, 0.0, 0.0, 0.0], "past_7d_mm": 0.0, "next_3d_mm": 0.0}, "aqi": {"us_aqi": 116, "pm2_5": 127.6}, "burn_rate": 1515.0}}, {"type": "Feature", "geometry": {"type": "Point", "coordinates": [-118.65818, 46.45852]}, "properties": {"id": "0c414cf4-270a-43c2-b34f-e087b5a625f8", "source": "WFIGS", "name": "Neff Jones", "acres": 7276, "contained": 100, "state": "WA", "cause": "Undetermined", "discovered": "2026-07-16T10:39:42+00:00", "rain": {"days": ["2026-07-24", "2026-07-25", "2026-07-26", "2026-07-27", "2026-07-28", "2026-07-29", "2026-07-30", "2026-07-31", "2026-08-01", "2026-08-02"], "precip_mm": [0.0, 0.0, 0.0, 0.0, 0.0, 0.0, 0.0, 0.0, 0.0, 0.0], "past_7d_mm": 0.0, "next_3d_mm": 0.0}, "aqi": {"us_aqi": 55, "pm2_5": 22.5}, "burn_rate": 478.7}}, {"type": "Feature", "geometry": {"type": "Point", "coordinates": [-120.01981, 44.00509]}, "properties": {"id": "cf7f334e-a7e1-4898-a221-c66019eb0b97", "source": "WFIGS", "name": "0496 Crooked", "acres": 350, "contained": 100, "state": "OR", "cause": "Natural", "discovered": "2026-07-16T21:03:48+00:00", "burn_rate": 23.7}}, {"type": "Feature", "geometry": {"type": "Point", "coordinates": [-117.25322, 45.76803]}, "properties": {"id": "fe589672-1080-4e97-a0d9-ec64d5a31de8", "source": "WFIGS", "name": "Burnt Creek", "acres": 3668, "contained": 16, "state": "OR", "cause": "Natural", "discovered": "2026-07-17T19:51:00+00:00", "rain": {"days": ["2026-07-24", "2026-07-25", "2026-07-26", "2026-07-27", "2026-07-28", "2026-07-29", "2026-07-30", "2026-07-31", "2026-08-01", "2026-08-02"], "precip_mm": [0.0, 0.0, 0.0, 0.0, 0.0, 0.0, 0.0, 0.0, 0.0, 0.0], "past_7d_mm": 0.0, "next_3d_mm": 0.0}, "aqi": {"us_aqi": 115, "pm2_5": 42.6}, "burn_rate": 265.5}}, {"type": "Feature", "geometry": {"type": "Point", "coordinates": [-118.86493, 45.31404]}, "properties": {"id": "7ae1d0d0-dd14-4e4f-a01f-b6dc4c16a647", "source": "WFIGS", "name": "Bradley Flats", "acres": 227.2, "contained": 100, "state": "OR", "cause": "Undetermined", "discovered": "2026-07-17T19:53:03+00:00", "burn_rate": 16.4}}, {"type": "Feature", "geometry": {"type": "Point", "coordinates": [-107.07118, 45.17201]}, "properties": {"id": "2e246597-1f93-4c75-9438-4fc7291dcb71", "source": "WFIGS", "name": "West Spring Creek", "acres": 131.35, "contained": null, "state": "MT", "cause": "Undetermined", "discovered": "2026-07-17T21:39:14+00:00", "burn_rate": 9.6}}, {"type": "Feature", "geometry": {"type": "Point", "coordinates": [-80.84445, 26.44667]}, "properties": {"id": "c9cedd74-fb6b-4bc1-840d-6bb69f587d23", "source": "WFIGS", "name": "Berger (50)", "acres": 19700, "contained": 100, "state": "FL", "cause": "Natural", "discovered": "2026-07-17T12:45:00+00:00", "rain": {"days": ["2026-07-24", "2026-07-25", "2026-07-26", "2026-07-27", "2026-07-28", "2026-07-29", "2026-07-30", "2026-07-31", "2026-08-01", "2026-08-02"], "precip_mm": [53.6, 1.8, 0.4, 0.0, 0.0, 0.0, 0.0, 0.0, 0.0, 36.5], "past_7d_mm": 55.8, "next_3d_mm": 36.5}, "aqi": {"us_aqi": 45, "pm2_5": 6.4}, "burn_rate": 1395.8}}, {"type": "Feature", "geometry": {"type": "Point", "coordinates": [-118.54881, 46.60001]}, "properties": {"id": "23e897a7-535b-4a9d-a37e-7e33c07cadc9", "source": "WFIGS", "name": "Devil'S Canyon", "acres": 4766, "contained": 100, "state": "WA", "cause": "Undetermined", "discovered": "2026-07-17T23:28:53+00:00", "rain": {"days": ["2026-07-24", "2026-07-25", "2026-07-26", "2026-07-27", "2026-07-28", "2026-07-29", "2026-07-30", "2026-07-31", "2026-08-01", "2026-08-02"], "precip_mm": [0.0, 0.0, 0.0, 0.0, 0.0, 0.0, 0.0, 0.0, 0.0, 0.0], "past_7d_mm": 0.0, "next_3d_mm": 0.0}, "aqi": {"us_aqi": 52, "pm2_5": 16.8}, "burn_rate": 348.7}}, {"type": "Feature", "geometry": {"type": "Point", "coordinates": [-118.56798, 46.57649]}, "properties": {"id": "ae1ab3c1-454b-489a-af7a-8604ff56c86b", "source": "WFIGS", "name": "Wallace Walker", "acres": 801, "contained": 100, "state": "WA", "cause": "Undetermined", "discovered": "2026-07-17T23:32:30+00:00", "burn_rate": 58.6}}, {"type": "Feature", "geometry": {"type": "Point", "coordinates": [-115.13035, 46.08487]}, "properties": {"id": "f706588f-5eec-4acd-8ff1-2cda2c432f37", "source": "WFIGS", "name": "Wolf Creek", "acres": 160, "contained": 0, "state": "ID", "cause": "Undetermined", "discovered": "2026-07-17T23:27:16+00:00", "burn_rate": 11.7}}, {"type": "Feature", "geometry": {"type": "Point", "coordinates": [-120.49851, 44.63534]}, "properties": {"id": "7feb8502-6a78-4387-b8a7-fe675182b1bb", "source": "WFIGS", "name": "0512 Box Springs", "acres": 21432, "contained": 100, "state": "OR", "cause": "Natural", "discovered": "2026-07-17T22:00:00+00:00", "rain": {"days": ["2026-07-24", "2026-07-25", "2026-07-26", "2026-07-27", "2026-07-28", "2026-07-29", "2026-07-30", "2026-07-31", "2026-08-01", "2026-08-02"], "precip_mm": [0.0, 0.0, 0.0, 0.0, 0.0, 0.0, 0.0, 0.0, 0.0, 0.0], "past_7d_mm": 0.0, "next_3d_mm": 0.0}, "aqi": {"us_aqi": 149, "pm2_5": 136.0}, "burn_rate": 1561.2}}, {"type": "Feature", "geometry": {"type": "Point", "coordinates": [-120.30385, 40.61817]}, "properties": {"id": "e3094e35-8b33-4a82-be4b-d2e83652c29f", "source": "WFIGS", "name": "Biscar", "acres": 69352, "contained": 98, "state": "CA", "cause": "Undetermined", "discovered": "2026-07-18T18:06:09+00:00", "rain": {"days": ["2026-07-24", "2026-07-25", "2026-07-26", "2026-07-27", "2026-07-28", "2026-07-29", "2026-07-30", "2026-07-31", "2026-08-01", "2026-08-02"], "precip_mm": [0.0, 0.0, 0.0, 0.0, 0.0, 0.0, 0.0, 0.0, 0.0, 0.0], "past_7d_mm": 0.0, "next_3d_mm": 0.0}, "aqi": {"us_aqi": 35, "pm2_5": 1.3}, "burn_rate": 5380.2}}, {"type": "Feature", "geometry": {"type": "Point", "coordinates": [-115.13531, 46.09564]}, "properties": {"id": "61492789-ae0f-4274-8388-f0c89238ec3c", "source": "WFIGS", "name": "Cascade", "acres": 432, "contained": 0, "state": "ID", "cause": "Natural", "discovered": "2026-07-17T15:46:36+00:00", "burn_rate": 30.9}}, {"type": "Feature", "geometry": {"type": "Point", "coordinates": [-79.66254, 33.18892]}, "properties": {"id": "007de4e9-3766-47aa-92c5-bb86f0c3fce2", "source": "WFIGS", "name": "Horse Island", "acres": 1012, "contained": 75, "state": "SC", "cause": "Undetermined", "discovered": "2026-07-18T20:02:00+00:00", "burn_rate": 79.0}}, {"type": "Feature", "geometry": {"type": "Point", "coordinates": [-120.02156, 45.74587]}, "properties": {"id": "280b6b5e-8d88-4eaf-98cb-2efbe0ea7991", "source": "WFIGS", "name": "0518 Sully", "acres": 640, "contained": 100, "state": "OR", "cause": "Natural", "discovered": "2026-07-18T21:49:47+00:00", "burn_rate": 50.3}}, {"type": "Feature", "geometry": {"type": "Point", "coordinates": [-107.66946, 40.67034]}, "properties": {"id": "bf05a875-fb6f-41cc-8ac8-5c89e62451fa", "source": "WFIGS", "name": "Big Gulch", "acres": 1055, "contained": 100, "state": "CO", "cause": "Natural", "discovered": "2026-07-20T01:00:00+00:00", "burn_rate": 90.9}}, {"type": "Feature", "geometry": {"type": "Point", "coordinates": [-100.9972, 45.87633]}, "properties": {"id": "4e6c251c-cfad-4951-83f7-d2d4b0c12fa7", "source": "WFIGS", "name": "Rock Creek", "acres": 254, "contained": null, "state": "SD", "cause": null, "discovered": "2026-07-20T18:44:15+00:00", "burn_rate": 23.4}}, {"type": "Feature", "geometry": {"type": "Point", "coordinates": [-81.52195, 29.55945]}, "properties": {"id": "4dfd1eda-52bc-4fe6-b16a-a181d2bee075", "source": "WFIGS", "name": "Sr 20 County Line (18)", "acres": 190, "contained": 100, "state": "FL", "cause": "Undetermined", "discovered": "2026-07-20T15:03:00+00:00", "burn_rate": 17.2}}, {"type": "Feature", "geometry": {"type": "Point", "coordinates": [-118.2412, 36.91682]}, "properties": {"id": "4d14be09-9b6d-4656-8ce9-f9145290cda5", "source": "WFIGS", "name": "Rock", "acres": 12008, "contained": 85, "state": "CA", "cause": "Undetermined", "discovered": "2026-07-20T23:33:53+00:00", "rain": {"days": ["2026-07-24", "2026-07-25", "2026-07-26", "2026-07-27", "2026-07-28", "2026-07-29", "2026-07-30", "2026-07-31", "2026-08-01", "2026-08-02"], "precip_mm": [0.0, 0.0, 0.0, 0.0, 0.0, 0.0, 0.0, 0.0, 0.0, 0.0], "past_7d_mm": 0.0, "next_3d_mm": 0.0}, "aqi": {"us_aqi": 36, "pm2_5": 5.6}, "burn_rate": 1126.2}}, {"type": "Feature", "geometry": {"type": "Point", "coordinates": [-108.17814, 40.22054]}, "properties": {"id": "61d996ee-ed85-4a2e-a359-20b8c02d23dd", "source": "WFIGS", "name": "Keystone", "acres": 3042, "contained": 100, "state": "CO", "cause": "Natural", "discovered": "2026-07-21T17:22:00+00:00", "rain": {"days": ["2026-07-24", "2026-07-25", "2026-07-26", "2026-07-27", "2026-07-28", "2026-07-29", "2026-07-30", "2026-07-31", "2026-08-01", "2026-08-02"], "precip_mm": [0.0, 0.0, 0.0, 0.0, 0.0, 0.0, 0.0, 0.0, 0.0, 0.0], "past_7d_mm": 0.0, "next_3d_mm": 0.0}, "aqi": {"us_aqi": 31, "pm2_5": 2.8}, "burn_rate": 306.6}}, {"type": "Feature", "geometry": {"type": "Point", "coordinates": [-107.43405, 46.26921]}, "properties": {"id": "c8cf33a8-7c6e-4493-a631-6f1d74357d39", "source": "WFIGS", "name": "716 - 1", "acres": 104, "contained": null, "state": "MT", "cause": "Undetermined", "discovered": "2026-07-17T03:00:00+00:00", "burn_rate": 7.2}}, {"type": "Feature", "geometry": {"type": "Point", "coordinates": [-117.55438, 44.27621]}, "properties": {"id": "b692f924-d099-42f7-8f1d-9cfab415ea75", "source": "WFIGS", "name": "Brogan Canyon", "acres": 280.6, "contained": 100, "state": "OR", "cause": "Undetermined", "discovered": "2026-07-21T21:18:00+00:00", "burn_rate": 28.8}}, {"type": "Feature", "geometry": {"type": "Point", "coordinates": [-107.48897, 46.28965]}, "properties": {"id": "6754ca7a-d4ad-480f-8543-603fb1fc56b7", "source": "WFIGS", "name": "716 - 2", "acres": 623, "contained": 100, "state": "MT", "cause": "Undetermined", "discovered": "2026-07-17T04:00:00+00:00", "burn_rate": 43.0}}, {"type": "Feature", "geometry": {"type": "Point", "coordinates": [-107.74714, 40.42222]}, "properties": {"id": "a1f30f15-693a-471a-a3b0-753c75ac81c0", "source": "WFIGS", "name": "Fuhr Gulch", "acres": 1650, "contained": 100, "state": "CO", "cause": "Natural", "discovered": "2026-07-21T22:18:00+00:00", "rain": {"days": ["2026-07-24", "2026-07-25", "2026-07-26", "2026-07-27", "2026-07-28", "2026-07-29", "2026-07-30", "2026-07-31", "2026-08-01", "2026-08-02"], "precip_mm": [0.0, 0.0, 0.0, 0.0, 0.0, 0.0, 0.4, 0.0, 0.0, 0.0], "past_7d_mm": 0.4, "next_3d_mm": 0.0}, "aqi": {"us_aqi": 27, "pm2_5": 4.5}, "burn_rate": 169.8}}, {"type": "Feature", "geometry": {"type": "Point", "coordinates": [-117.52143, 44.35414]}, "properties": {"id": "96a6bf74-0244-4674-a8f5-23ba82310dfb", "source": "WFIGS", "name": "Cow", "acres": 5997, "contained": 100, "state": "OR", "cause": "Undetermined", "discovered": "2026-07-21T22:55:54+00:00", "rain": {"days": ["2026-07-24", "2026-07-25", "2026-07-26", "2026-07-27", "2026-07-28", "2026-07-29", "2026-07-30", "2026-07-31", "2026-08-01", "2026-08-02"], "precip_mm": [0.0, 0.0, 0.0, 0.0, 0.0, 0.0, 0.0, 0.0, 0.0, 0.0], "past_7d_mm": 0.0, "next_3d_mm": 0.0}, "aqi": {"us_aqi": 94, "pm2_5": 26.1}, "burn_rate": 618.9}}, {"type": "Feature", "geometry": {"type": "Point", "coordinates": [-117.57506, 44.35231]}, "properties": {"id": "8d3e0102-b15b-41cc-bb43-19cc14874760", "source": "WFIGS", "name": "189", "acres": 160, "contained": 100, "state": "OR", "cause": "Undetermined", "discovered": "2026-07-22T00:38:59+00:00", "burn_rate": 16.6}}, {"type": "Feature", "geometry": {"type": "Point", "coordinates": [-117.5553, 44.35259]}, "properties": {"id": "36995984-90bf-4fc4-89d3-09af3835ab27", "source": "WFIGS", "name": "188", "acres": 1500, "contained": 100, "state": "OR", "cause": "Undetermined", "discovered": "2026-07-22T00:35:08+00:00", "rain": {"days": ["2026-07-24", "2026-07-25", "2026-07-26", "2026-07-27", "2026-07-28", "2026-07-29", "2026-07-30", "2026-07-31", "2026-08-01", "2026-08-02"], "precip_mm": [0.0, 0.0, 0.0, 0.0, 0.0, 0.0, 0.0, 0.0, 0.0, 0.0], "past_7d_mm": 0.0, "next_3d_mm": 0.0}, "aqi": {"us_aqi": 94, "pm2_5": 26.1}, "burn_rate": 155.9}}, {"type": "Feature", "geometry": {"type": "Point", "coordinates": [-122.5633, 43.11404]}, "properties": {"id": "24a02c51-652f-4eb2-b210-c277c62e7498", "source": "WFIGS", "name": "Castle", "acres": 1983, "contained": 8, "state": "OR", "cause": "Natural", "discovered": "2026-07-23T00:54:00+00:00", "rain": {"days": ["2026-07-24", "2026-07-25", "2026-07-26", "2026-07-27", "2026-07-28", "2026-07-29", "2026-07-30", "2026-07-31", "2026-08-01", "2026-08-02"], "precip_mm": [0.0, 0.0, 0.0, 0.0, 0.0, 0.0, 0.0, 0.0, 0.0, 0.0], "past_7d_mm": 0.0, "next_3d_mm": 0.0}, "aqi": {"us_aqi": 68, "pm2_5": 24.2}, "burn_rate": 230.4}}, {"type": "Feature", "geometry": {"type": "Point", "coordinates": [-118.8034, 43.11996]}, "properties": {"id": "2a7ac1c8-1b10-4a39-ba7d-83a44d029def", "source": "WFIGS", "name": "Crater", "acres": 705, "contained": 97, "state": "OR", "cause": "Undetermined", "discovered": "2026-07-23T08:47:00+00:00", "burn_rate": 85.2}}, {"type": "Feature", "geometry": {"type": "Point", "coordinates": [-119.93936, 46.83906]}, "properties": {"id": "19cfd50b-af96-4cfd-8059-93c1485b723f", "source": "WFIGS", "name": "Railroad", "acres": 8216, "contained": 100, "state": "WA", "cause": "Human", "discovered": "2026-07-23T10:03:00+00:00", "rain": {"days": ["2026-07-24", "2026-07-25", "2026-07-26", "2026-07-27", "2026-07-28", "2026-07-29", "2026-07-30", "2026-07-31", "2026-08-01", "2026-08-02"], "precip_mm": [0.0, 0.0, 0.0, 0.0, 0.0, 0.0, 0.0, 0.0, 0.0, 0.0], "past_7d_mm": 0.0, "next_3d_mm": 0.0}, "aqi": {"us_aqi": 29, "pm2_5": 2.0}, "burn_rate": 998.8}}, {"type": "Feature", "geometry": {"type": "Point", "coordinates": [-121.71743, 46.57437]}, "properties": {"id": "a0e3e90f-89dc-483f-9d5b-a12691256cda", "source": "WFIGS", "name": "Skyo", "acres": 202, "contained": 38, "state": "WA", "cause": "Natural", "discovered": "2026-07-23T04:59:09+00:00", "burn_rate": 23.9}}, {"type": "Feature", "geometry": {"type": "Point", "coordinates": [-121.01434, 44.79645]}, "properties": {"id": "dcb43c28-36f3-4668-82a0-09cb621d8be1", "source": "WFIGS", "name": "0579 Ten Mile", "acres": 4834, "contained": 100, "state": "OR", "cause": "Natural", "discovered": "2026-07-23T07:18:00+00:00", "rain": {"days": ["2026-07-24", "2026-07-25", "2026-07-26", "2026-07-27", "2026-07-28", "2026-07-29", "2026-07-30", "2026-07-31", "2026-08-01", "2026-08-02"], "precip_mm": [0.0, 0.0, 0.0, 0.0, 0.0, 0.0, 0.0, 0.0, 0.0, 0.0], "past_7d_mm": 0.0, "next_3d_mm": 0.0}, "aqi": {"us_aqi": 190, "pm2_5": 219.8}, "burn_rate": 579.6}}, {"type": "Feature", "geometry": {"type": "Point", "coordinates": [-120.42638, 45.45341]}, "properties": {"id": "b454dacb-0fe8-49d7-9603-08759cdcd5c1", "source": "WFIGS", "name": "0584 Cottonwood", "acres": 15658, "contained": 100, "state": "OR", "cause": "Natural", "discovered": "2026-07-23T16:51:25+00:00", "rain": {"days": ["2026-07-24", "2026-07-25", "2026-07-26", "2026-07-27", "2026-07-28", "2026-07-29", "2026-07-30", "2026-07-31", "2026-08-01", "2026-08-02"], "precip_mm": [0.0, 0.0, 0.0, 0.0, 0.0, 0.0, 0.0, 0.0, 0.0, 0.0], "past_7d_mm": 0.0, "next_3d_mm": 0.0}, "aqi": {"us_aqi": 81, "pm2_5": 55.2}, "burn_rate": 1971.5}}, {"type": "Feature", "geometry": {"type": "Point", "coordinates": [-117.30336, 42.64981]}, "properties": {"id": "6b0c72b3-0e12-4695-9022-e1113c0aa8d1", "source": "WFIGS", "name": "Big Grass", "acres": 303057, "contained": 21, "state": "OR", "cause": "Undetermined", "discovered": "2026-07-23T20:30:00+00:00", "rain": {"days": ["2026-07-24", "2026-07-25", "2026-07-26", "2026-07-27", "2026-07-28", "2026-07-29", "2026-07-30", "2026-07-31", "2026-08-01", "2026-08-02"], "precip_mm": [0.0, 0.0, 0.0, 0.0, 0.0, 0.0, 0.0, 0.0, 0.0, 0.0], "past_7d_mm": 0.0, "next_3d_mm": 0.0}, "aqi": {"us_aqi": 152, "pm2_5": 57.5}, "burn_rate": 38901.6}}, {"type": "Feature", "geometry": {"type": "Point", "coordinates": [-81.59917, 32.37667]}, "properties": {"id": "65066a14-f0fd-40cf-a176-8437e1ab9427", "source": "WFIGS", "name": "Buie Driggers Rd", "acres": 415, "contained": 80, "state": "GA", "cause": "Undetermined", "discovered": "2026-07-22T17:48:00+00:00", "burn_rate": 46.6}}, {"type": "Feature", "geometry": {"type": "Point", "coordinates": [-120.4297, 37.52803]}, "properties": {"id": "896fd68a-9817-4db6-8d11-082e5ad32b5e", "source": "WFIGS", "name": "Fields", "acres": 1280, "contained": 100, "state": "CA", "cause": "Undetermined", "discovered": "2026-07-23T20:46:16+00:00", "rain": {"days": ["2026-07-24", "2026-07-25", "2026-07-26", "2026-07-27", "2026-07-28", "2026-07-29", "2026-07-30", "2026-07-31", "2026-08-01", "2026-08-02"], "precip_mm": [0.0, 0.0, 0.0, 0.0, 0.0, 0.0, 0.0, 0.0, 0.0, 0.0], "past_7d_mm": 0.0, "next_3d_mm": 0.0}, "aqi": {"us_aqi": 33, "pm2_5": 6.2}, "burn_rate": 164.5}}, {"type": "Feature", "geometry": {"type": "Point", "coordinates": [-119.89761, 44.46872]}, "properties": {"id": "005f6c67-604a-49e5-bbb9-0abf4924980b", "source": "WFIGS", "name": "0587 Shingle", "acres": 64493, "contained": 10, "state": "OR", "cause": "Natural", "discovered": "2026-07-23T17:59:17+00:00", "rain": {"days": ["2026-07-24", "2026-07-25", "2026-07-26", "2026-07-27", "2026-07-28", "2026-07-29", "2026-07-30", "2026-07-31", "2026-08-01", "2026-08-02"], "precip_mm": [0.0, 0.0, 0.0, 0.0, 0.0, 0.0, 0.0, 0.0, 0.0, 0.0], "past_7d_mm": 0.0, "next_3d_mm": 0.0}, "aqi": {"us_aqi": 206, "pm2_5": 245.9}, "burn_rate": 8168.8}}, {"type": "Feature", "geometry": {"type": "Point", "coordinates": [-121.35024, 44.63178]}, "properties": {"id": "fe1de2b9-6b86-4bce-8400-a59019bb7932", "source": "WFIGS", "name": "Bench", "acres": 65130, "contained": 32, "state": "OR", "cause": "Undetermined", "discovered": "2026-07-23T22:06:49+00:00", "rain": {"days": ["2026-07-24", "2026-07-25", "2026-07-26", "2026-07-27", "2026-07-28", "2026-07-29", "2026-07-30", "2026-07-31", "2026-08-01", "2026-08-02"], "precip_mm": [0.0, 0.0, 0.0, 0.0, 0.0, 0.0, 0.0, 0.0, 0.0, 0.0], "past_7d_mm": 0.0, "next_3d_mm": 0.0}, "aqi": {"us_aqi": 190, "pm2_5": 219.8}, "burn_rate": 8433.1}}, {"type": "Feature", "geometry": {"type": "Point", "coordinates": [-118.92001, 43.18001]}, "properties": {"id": "2066cd11-1a6e-4437-94fc-715756e618ad", "source": "WFIGS", "name": "Stubble", "acres": 15673, "contained": 93, "state": "OR", "cause": "Undetermined", "discovered": "2026-07-23T18:54:00+00:00", "rain": {"days": ["2026-07-24", "2026-07-25", "2026-07-26", "2026-07-27", "2026-07-28", "2026-07-29", "2026-07-30", "2026-07-31", "2026-08-01", "2026-08-02"], "precip_mm": [0.0, 0.0, 0.0, 0.0, 0.0, 0.0, 0.0, 0.0, 0.0, 0.0], "past_7d_mm": 0.0, "next_3d_mm": 0.0}, "aqi": {"us_aqi": 96, "pm2_5": 40.0}, "burn_rate": 1994.8}}, {"type": "Feature", "geometry": {"type": "Point", "coordinates": [-118.47428, 42.99561]}, "properties": {"id": "7820bfdb-1edd-43fe-9b6e-2bd23fa5af15", "source": "WFIGS", "name": "Bald Mountain", "acres": 85119, "contained": 26, "state": "OR", "cause": "Natural", "discovered": "2026-07-23T23:40:00+00:00", "rain": {"days": ["2026-07-24", "2026-07-25", "2026-07-26", "2026-07-27", "2026-07-28", "2026-07-29", "2026-07-30", "2026-07-31", "2026-08-01", "2026-08-02"], "precip_mm": [0.0, 0.0, 0.0, 0.0, 0.0, 0.0, 0.0, 0.0, 0.0, 0.0], "past_7d_mm": 0.0, "next_3d_mm": 0.0}, "aqi": {"us_aqi": 123, "pm2_5": 79.4}, "burn_rate": 11114.5}}, {"type": "Feature", "geometry": {"type": "Point", "coordinates": [-120.64693, 45.04031]}, "properties": {"id": "e8f22827-a59b-46d6-9e01-65002c1b9284", "source": "WFIGS", "name": "0567 Little Buck", "acres": 43818, "contained": 50, "state": "OR", "cause": "Natural", "discovered": "2026-07-23T01:52:00+00:00", "rain": {"days": ["2026-07-24", "2026-07-25", "2026-07-26", "2026-07-27", "2026-07-28", "2026-07-29", "2026-07-30", "2026-07-31", "2026-08-01", "2026-08-02"], "precip_mm": [0.0, 0.0, 0.0, 0.0, 0.0, 0.0, 0.0, 0.0, 0.0, 0.0], "past_7d_mm": 0.0, "next_3d_mm": 0.0}, "aqi": {"us_aqi": 161, "pm2_5": 146.2}, "burn_rate": 5114.9}}, {"type": "Feature", "geometry": {"type": "Point", "coordinates": [-121.40446, 44.69528]}, "properties": {"id": "c8a81ed6-1fd6-492e-ad8d-5085f78eb1fa", "source": "WFIGS", "name": "Beachcomb", "acres": 13648, "contained": 100, "state": "OR", "cause": "Undetermined", "discovered": "2026-07-24T01:05:00+00:00", "rain": {"days": ["2026-07-24", "2026-07-25", "2026-07-26", "2026-07-27", "2026-07-28", "2026-07-29", "2026-07-30", "2026-07-31", "2026-08-01", "2026-08-02"], "precip_mm": [0.0, 0.0, 0.0, 0.0, 0.0, 0.0, 0.0, 0.0, 0.0, 0.0], "past_7d_mm": 0.0, "next_3d_mm": 0.0}, "aqi": {"us_aqi": 178, "pm2_5": 177.4}, "burn_rate": 1795.9}}, {"type": "Feature", "geometry": {"type": "Point", "coordinates": [-117.21298, 44.52392]}, "properties": {"id": "53d5f141-2193-402b-8f97-2a49c3d85a55", "source": "WFIGS", "name": "Fox", "acres": 75375, "contained": 58, "state": "OR", "cause": "Undetermined", "discovered": "2026-07-24T01:51:05+00:00", "rain": {"days": ["2026-07-24", "2026-07-25", "2026-07-26", "2026-07-27", "2026-07-28", "2026-07-29", "2026-07-30", "2026-07-31", "2026-08-01", "2026-08-02"], "precip_mm": [0.0, 0.0, 0.0, 0.0, 0.0, 0.0, 0.0, 0.0, 0.0, 0.0], "past_7d_mm": 0.0, "next_3d_mm": 0.0}, "aqi": {"us_aqi": 156, "pm2_5": 68.7}, "burn_rate": 9960.5}}, {"type": "Feature", "geometry": {"type": "Point", "coordinates": [-121.51015, 45.25297]}, "properties": {"id": "6aa4c355-ad18-472f-aaab-78baa9de31b1", "source": "WFIGS", "name": "Grasshopper", "acres": 21576, "contained": 0, "state": "OR", "cause": "Natural", "discovered": "2026-07-24T02:41:00+00:00", "rain": {"days": ["2026-07-24", "2026-07-25", "2026-07-26", "2026-07-27", "2026-07-28", "2026-07-29", "2026-07-30", "2026-07-31", "2026-08-01", "2026-08-02"], "precip_mm": [0.0, 0.0, 0.0, 0.0, 0.0, 0.0, 0.0, 0.0, 0.0, 0.0], "past_7d_mm": 0.0, "next_3d_mm": 0.0}, "aqi": {"us_aqi": 165, "pm2_5": 148.5}, "burn_rate": 2864.3}}, {"type": "Feature", "geometry": {"type": "Point", "coordinates": [-120.14513, 44.70127]}, "properties": {"id": "169e5076-6fcb-42d3-8612-ee474eadf943", "source": "WFIGS", "name": "0594", "acres": 298, "contained": 100, "state": "OR", "cause": "Undetermined", "discovered": "2026-07-23T21:40:32+00:00", "burn_rate": 38.5}}, {"type": "Feature", "geometry": {"type": "Point", "coordinates": [-117.09301, 44.54134]}, "properties": {"id": "db5448a6-fcac-4041-a817-6f8198161dba", "source": "WFIGS", "name": "Tartar", "acres": 11983, "contained": 57, "state": "ID", "cause": "Undetermined", "discovered": "2026-07-24T16:00:28+00:00", "rain": {"days": ["2026-07-24", "2026-07-25", "2026-07-26", "2026-07-27", "2026-07-28", "2026-07-29", "2026-07-30", "2026-07-31", "2026-08-01", "2026-08-02"], "precip_mm": [0.0, 0.0, 0.0, 0.0, 0.0, 0.0, 0.0, 0.0, 0.0, 0.0], "past_7d_mm": 0.0, "next_3d_mm": 0.0}, "aqi": {"us_aqi": 156, "pm2_5": 68.7}, "burn_rate": 1717.4}}, {"type": "Feature", "geometry": {"type": "Point", "coordinates": [-120.6919, 44.44197]}, "properties": {"id": "bc318834-b454-4aad-90a6-62d4de886b5c", "source": "WFIGS", "name": "0611 Green Mountain", "acres": 2136, "contained": 100, "state": "OR", "cause": "Natural", "discovered": "2026-07-24T15:46:23+00:00", "rain": {"days": ["2026-07-24", "2026-07-25", "2026-07-26", "2026-07-27", "2026-07-28", "2026-07-29", "2026-07-30", "2026-07-31", "2026-08-01", "2026-08-02"], "precip_mm": [0.0, 0.0, 0.0, 0.0, 0.0, 0.0, 0.0, 0.0, 0.0, 0.0], "past_7d_mm": 0.0, "next_3d_mm": 0.0}, "aqi": {"us_aqi": 210, "pm2_5": 295.2}, "burn_rate": 305.7}}, {"type": "Feature", "geometry": {"type": "Point", "coordinates": [-81.48454, 28.91779]}, "properties": {"id": "a77442ba-8392-455c-8b50-5a6d996d12de", "source": "WFIGS", "name": "Pine Lakes", "acres": 119, "contained": null, "state": "FL", "cause": "Undetermined", "discovered": "2026-07-24T19:32:53+00:00", "burn_rate": 17.4}}, {"type": "Feature", "geometry": {"type": "Point", "coordinates": [-116.15758, 37.26671]}, "properties": {"id": "dceba814-01d4-4814-b421-3113fb326d0d", "source": "WFIGS", "name": "Mouse Meadow", "acres": 15000, "contained": 0, "state": "NV", "cause": "Undetermined", "discovered": "2026-07-24T01:00:52+00:00", "rain": {"days": ["2026-07-24", "2026-07-25", "2026-07-26", "2026-07-27", "2026-07-28", "2026-07-29", "2026-07-30", "2026-07-31", "2026-08-01", "2026-08-02"], "precip_mm": [2.2, 0.0, 0.0, 0.0, 0.0, 0.0, 0.0, 0.0, 0.0, 0.0], "past_7d_mm": 2.2, "next_3d_mm": 0.0}, "aqi": {"us_aqi": 67, "pm2_5": 64.0}, "burn_rate": 1973.1}}, {"type": "Feature", "geometry": {"type": "Point", "coordinates": [-113.27351, 47.83551]}, "properties": {"id": "c4138756-16b2-412f-b32b-4db4520de5bc", "source": "WFIGS", "name": "Silvertip", "acres": 4142, "contained": 0, "state": "MT", "cause": "Natural", "discovered": "2026-07-24T21:19:15+00:00", "rain": {"days": ["2026-07-24", "2026-07-25", "2026-07-26", "2026-07-27", "2026-07-28", "2026-07-29", "2026-07-30", "2026-07-31", "2026-08-01", "2026-08-02"], "precip_mm": [0.0, 0.0, 0.0, 0.0, 0.0, 0.0, 0.0, 0.0, 0.0, 0.0], "past_7d_mm": 0.0, "next_3d_mm": 0.0}, "aqi": {"us_aqi": 75, "pm2_5": 13.3}, "burn_rate": 613.1}}, {"type": "Feature", "geometry": {"type": "Point", "coordinates": [-114.32088, 46.94001]}, "properties": {"id": "d1298bd1-66ec-461f-b00e-a06f1a8bd1c2", "source": "WFIGS", "name": "Elder 1", "acres": 968, "contained": 14, "state": "MT", "cause": "Natural", "discovered": "2026-07-24T21:26:49+00:00", "burn_rate": 143.4}}, {"type": "Feature", "geometry": {"type": "Point", "coordinates": [-118.14981, 43.27467]}, "properties": {"id": "6ec9b302-bf0c-4c29-b200-9e9f562aa2fb", "source": "WFIGS", "name": "Hat", "acres": 44122, "contained": 93, "state": "OR", "cause": "Undetermined", "discovered": "2026-07-24T21:56:27+00:00", "rain": {"days": ["2026-07-24", "2026-07-25", "2026-07-26", "2026-07-27", "2026-07-28", "2026-07-29", "2026-07-30", "2026-07-31", "2026-08-01", "2026-08-02"], "precip_mm": [0.0, 0.0, 0.0, 0.0, 0.0, 0.0, 0.0, 0.0, 0.0, 0.0], "past_7d_mm": 0.0, "next_3d_mm": 0.0}, "aqi": {"us_aqi": 155, "pm2_5": 149.5}, "burn_rate": 6555.7}}, {"type": "Feature", "geometry": {"type": "Point", "coordinates": [-120.73223, 46.36229]}, "properties": {"id": "092f0d20-3543-4210-ab84-715e3714ba5f", "source": "WFIGS", "name": "Signal Peak", "acres": 3000, "contained": 100, "state": "WA", "cause": "Undetermined", "discovered": "2026-07-24T22:57:04+00:00", "rain": {"days": ["2026-07-24", "2026-07-25", "2026-07-26", "2026-07-27", "2026-07-28", "2026-07-29", "2026-07-30", "2026-07-31", "2026-08-01", "2026-08-02"], "precip_mm": [0.0, 0.0, 0.0, 0.0, 0.0, 0.0, 0.0, 0.0, 0.0, 0.0], "past_7d_mm": 0.0, "next_3d_mm": 0.0}, "aqi": {"us_aqi": 19, "pm2_5": 0.9}, "burn_rate": 448.5}}, {"type": "Feature", "geometry": {"type": "Point", "coordinates": [-119.43918, 43.60867]}, "properties": {"id": "d1885386-0825-4eb4-8bec-b4c0274c5bbd", "source": "WFIGS", "name": "Second Flat", "acres": 102926, "contained": 18, "state": "OR", "cause": "Undetermined", "discovered": "2026-07-24T22:53:00+00:00", "rain": {"days": ["2026-07-24", "2026-07-25", "2026-07-26", "2026-07-27", "2026-07-28", "2026-07-29", "2026-07-30", "2026-07-31", "2026-08-01", "2026-08-02"], "precip_mm": [0.0, 0.0, 0.0, 0.0, 0.0, 0.0, 0.0, 0.0, 0.0, 0.0], "past_7d_mm": 0.0, "next_3d_mm": 0.0}, "aqi": {"us_aqi": 127, "pm2_5": 76.8}, "burn_rate": 15382.6}}, {"type": "Feature", "geometry": {"type": "Point", "coordinates": [-113.85905, 44.32522]}, "properties": {"id": "960c064b-1764-4834-bd28-90fb69a4ab4a", "source": "WFIGS", "name": "Doublesprings", "acres": 136, "contained": 0, "state": "ID", "cause": "Natural", "discovered": "2026-07-24T23:12:35+00:00", "burn_rate": 20.4}}, {"type": "Feature", "geometry": {"type": "Point", "coordinates": [-119.14113, 46.14973]}, "properties": {"id": "1d9298ac-7cc9-4698-8926-96d4ec7254b8", "source": "WFIGS", "name": "Locust Grove", "acres": 750, "contained": 100, "state": "WA", "cause": "Undetermined", "discovered": "2026-07-24T04:12:00+00:00", "burn_rate": 100.4}}, {"type": "Feature", "geometry": {"type": "Point", "coordinates": [-118.95568, 43.04501]}, "properties": {"id": "0c7a5b02-3b18-4ced-b10b-e9c315773c19", "source": "WFIGS", "name": "Jackass Butte", "acres": 24572, "contained": 78, "state": "OR", "cause": "Undetermined", "discovered": "2026-07-25T00:31:00+00:00", "rain": {"days": ["2026-07-24", "2026-07-25", "2026-07-26", "2026-07-27", "2026-07-28", "2026-07-29", "2026-07-30", "2026-07-31", "2026-08-01", "2026-08-02"], "precip_mm": [0.0, 0.0, 0.0, 0.0, 0.0, 0.0, 0.0, 0.0, 0.0, 0.0], "past_7d_mm": 0.0, "next_3d_mm": 0.0}, "aqi": {"us_aqi": 96, "pm2_5": 40.0}, "burn_rate": 3710.1}}, {"type": "Feature", "geometry": {"type": "Point", "coordinates": [-118.28401, 36.99617]}, "properties": {"id": "ef21ead9-ce4d-48f6-964f-46a398857263", "source": "WFIGS", "name": "5-3", "acres": 744, "contained": null, "state": "CA", "cause": "Undetermined", "discovered": "2026-07-25T06:51:20+00:00", "burn_rate": 117.0}}, {"type": "Feature", "geometry": {"type": "Point", "coordinates": [-118.25801, 37.01584]}, "properties": {"id": "553795bb-902a-4d1c-9a22-5f4609ec8141", "source": "WFIGS", "name": "5-4", "acres": 1318, "contained": null, "state": "CA", "cause": "Undetermined", "discovered": "2026-07-25T06:51:57+00:00", "rain": {"days": ["2026-07-24", "2026-07-25", "2026-07-26", "2026-07-27", "2026-07-28", "2026-07-29", "2026-07-30", "2026-07-31", "2026-08-01", "2026-08-02"], "precip_mm": [0.0, 0.0, 0.0, 0.0, 0.0, 0.0, 0.0, 0.0, 0.0, 0.0], "past_7d_mm": 0.0, "next_3d_mm": 0.0}, "aqi": {"us_aqi": 48, "pm2_5": 7.2}, "burn_rate": 207.3}}, {"type": "Feature", "geometry": {"type": "Point", "coordinates": [-114.21173, 46.14167]}, "properties": {"id": "4e04440d-fea1-4fc8-b961-f35f1d3bdf42", "source": "WFIGS", "name": "North Fork Lost Horse", "acres": 114, "contained": 0, "state": "MT", "cause": "Natural", "discovered": "2026-07-25T00:49:00+00:00", "burn_rate": 17.2}}, {"type": "Feature", "geometry": {"type": "Point", "coordinates": [-118.30393, 43.58974]}, "properties": {"id": "79bbb8a2-e93c-4514-9dd2-55a7de7f260c", "source": "WFIGS", "name": "Coleman Creek", "acres": 204279, "contained": 0, "state": "OR", "cause": "Natural", "discovered": "2026-07-25T12:40:00+00:00", "rain": {"days": ["2026-07-24", "2026-07-25", "2026-07-26", "2026-07-27", "2026-07-28", "2026-07-29", "2026-07-30", "2026-07-31", "2026-08-01", "2026-08-02"], "precip_mm": [0.0, 0.0, 0.0, 0.0, 0.0, 0.0, 0.0, 0.0, 0.0, 0.0], "past_7d_mm": 0.0, "next_3d_mm": 0.0}, "aqi": {"us_aqi": 171, "pm2_5": 145.3}, "burn_rate": 33396.7}}, {"type": "Feature", "geometry": {"type": "Point", "coordinates": [-104.67601, 35.42201]}, "properties": {"id": "18f86855-6764-4c9b-927d-c6899c262310", "source": "WFIGS", "name": "Cr", "acres": 240, "contained": null, "state": "NM", "cause": "Undetermined", "discovered": "2026-07-24T22:00:00+00:00", "burn_rate": 35.7}}, {"type": "Feature", "geometry": {"type": "Point", "coordinates": [-104.54601, 35.46901]}, "properties": {"id": "5a0e53f7-cbe9-4a13-9d54-4f1e1845fbdf", "source": "WFIGS", "name": "Rendia", "acres": 117, "contained": null, "state": "NM", "cause": "Undetermined", "discovered": "2026-07-25T17:30:00+00:00", "burn_rate": 19.8}}, {"type": "Feature", "geometry": {"type": "Point", "coordinates": [-118.11446, 48.31262]}, "properties": {"id": "bb27075a-ffa2-4619-8f54-1334194cddbc", "source": "WFIGS", "name": "Bradeen Hill", "acres": 4168, "contained": 7, "state": "WA", "cause": "Human", "discovered": "2026-07-25T20:52:00+00:00", "rain": {"days": ["2026-07-24", "2026-07-25", "2026-07-26", "2026-07-27", "2026-07-28", "2026-07-29", "2026-07-30", "2026-07-31", "2026-08-01", "2026-08-02"], "precip_mm": [0.0, 0.0, 0.0, 0.0, 0.0, 0.0, 0.0, 0.0, 0.0, 0.0], "past_7d_mm": 0.0, "next_3d_mm": 0.0}, "aqi": {"us_aqi": 196, "pm2_5": 256.1}, "burn_rate": 721.7}}, {"type": "Feature", "geometry": {"type": "Point", "coordinates": [-115.71001, 37.41231]}, "properties": {"id": "2d6683d6-91a2-4c00-8771-015c41600c5c", "source": "WFIGS", "name": "Quail Springs", "acres": 12990, "contained": 12, "state": "NV", "cause": "Undetermined", "discovered": "2026-07-25T15:22:00+00:00", "rain": {"days": ["2026-07-24", "2026-07-25", "2026-07-26", "2026-07-27", "2026-07-28", "2026-07-29", "2026-07-30", "2026-07-31", "2026-08-01", "2026-08-02"], "precip_mm": [17.6, 0.0, 0.0, 0.0, 0.0, 0.0, 0.0, 0.0, 0.0, 0.0], "past_7d_mm": 17.6, "next_3d_mm": 0.0}, "aqi": {"us_aqi": 67, "pm2_5": 51.8}, "burn_rate": 2163.5}}, {"type": "Feature", "geometry": {"type": "Point", "coordinates": [-119.61317, 47.98354]}, "properties": {"id": "0f49de69-5191-483f-bfe1-5b5f7f315ed3", "source": "WFIGS", "name": "Pearl Hill", "acres": 8058, "contained": 100, "state": "WA", "cause": "Undetermined", "discovered": "2026-07-25T21:12:00+00:00", "rain": {"days": ["2026-07-24", "2026-07-25", "2026-07-26", "2026-07-27", "2026-07-28", "2026-07-29", "2026-07-30", "2026-07-31", "2026-08-01", "2026-08-02"], "precip_mm": [0.0, 0.0, 0.0, 0.0, 0.0, 0.0, 0.0, 0.0, 0.0, 0.0], "past_7d_mm": 0.0, "next_3d_mm": 0.0}, "aqi": {"us_aqi": 160, "pm2_5": 128.5}, "burn_rate": 1398.7}}, {"type": "Feature", "geometry": {"type": "Point", "coordinates": [-116.88691, 44.99561]}, "properties": {"id": "62dc997c-ce90-4ce0-a720-0138cc229e55", "source": "WFIGS", "name": "Bob Creek", "acres": 868, "contained": 15, "state": "OR", "cause": "Undetermined", "discovered": "2026-07-25T22:48:00+00:00", "burn_rate": 152.4}}, {"type": "Feature", "geometry": {"type": "Point", "coordinates": [-104.80856, 42.52412]}, "properties": {"id": "ff097931-1969-461f-b677-e68ddd148fc1", "source": "WFIGS", "name": "Horsetooth", "acres": 168, "contained": 100, "state": "WY", "cause": "Undetermined", "discovered": "2026-07-25T22:57:00+00:00", "burn_rate": 29.5}}, {"type": "Feature", "geometry": {"type": "Point", "coordinates": [-115.26001, 40.89646]}, "properties": {"id": "e9b0f34f-3fc7-4c60-8214-f11327522e71", "source": "WFIGS", "name": "Secret Pass", "acres": 3300, "contained": 50, "state": "NV", "cause": "Natural", "discovered": "2026-07-26T00:45:00+00:00", "rain": {"days": ["2026-07-24", "2026-07-25", "2026-07-26", "2026-07-27", "2026-07-28", "2026-07-29", "2026-07-30", "2026-07-31", "2026-08-01", "2026-08-02"], "precip_mm": [0.0, 0.0, 8.3, 0.0, 0.4, 0.0, 0.0, 0.0, 0.0, 0.0], "past_7d_mm": 8.7, "next_3d_mm": 0.0}, "aqi": {"us_aqi": 55, "pm2_5": 9.2}, "burn_rate": 587.9}}, {"type": "Feature", "geometry": {"type": "Point", "coordinates": [-107.28729, 46.74561]}, "properties": {"id": "f6e13440-a56f-490f-b8ff-3f55000d1131", "source": "WFIGS", "name": "Triple N", "acres": 200, "contained": null, "state": "MT", "cause": "Undetermined", "discovered": "2026-07-26T03:49:52+00:00", "burn_rate": 36.5}}, {"type": "Feature", "geometry": {"type": "Point", "coordinates": [-114.68149, 33.27966]}, "properties": {"id": "f12ee99c-d40c-42d1-b108-af54b09753e2", "source": "WFIGS", "name": "Island", "acres": 3145, "contained": 80, "state": "AZ", "cause": "Undetermined", "discovered": "2026-07-26T04:17:49+00:00", "rain": {"days": ["2026-07-24", "2026-07-25", "2026-07-26", "2026-07-27", "2026-07-28", "2026-07-29", "2026-07-30", "2026-07-31", "2026-08-01", "2026-08-02"], "precip_mm": [0.0, 0.0, 0.0, 0.0, 0.0, 0.0, 0.0, 0.0, 0.0, 0.0], "past_7d_mm": 0.0, "next_3d_mm": 0.0}, "aqi": {"us_aqi": 43, "pm2_5": 12.3}, "burn_rate": 575.4}}, {"type": "Feature", "geometry": {"type": "Point", "coordinates": [-104.83531, 44.62001]}, "properties": {"id": "38d3f400-6384-414a-8ce4-819b0ba4a9c5", "source": "WFIGS", "name": "Long Draw", "acres": 434, "contained": 100, "state": "WY", "cause": "Human", "discovered": "2026-07-26T11:33:57+00:00", "burn_rate": 84.1}}, {"type": "Feature", "geometry": {"type": "Point", "coordinates": [-106.32018, 44.79273]}, "properties": {"id": "85732e71-7502-4680-8fd5-93af9bb764c8", "source": "WFIGS", "name": "Sr - Buffalo", "acres": 1200, "contained": 100, "state": "WY", "cause": "Undetermined", "discovered": "2026-07-26T07:12:00+00:00", "burn_rate": 224.5}}, {"type": "Feature", "geometry": {"type": "Point", "coordinates": [-104.65603, 46.97111]}, "properties": {"id": "a55b6aac-ec27-4a7a-8900-85485f18844f", "source": "WFIGS", "name": "Magpie", "acres": 292.9, "contained": null, "state": "MT", "cause": "Undetermined", "discovered": "2026-07-26T08:45:00+00:00", "burn_rate": 55.5}}, {"type": "Feature", "geometry": {"type": "Point", "coordinates": [-117.487, 39.69879]}, "properties": {"id": "2f99b774-3e9b-4c4b-bed5-b40ad9f94602", "source": "WFIGS", "name": "New Pass", "acres": 27647, "contained": 15, "state": "NV", "cause": "Natural", "discovered": "2026-07-26T15:20:52+00:00", "rain": {"days": ["2026-07-24", "2026-07-25", "2026-07-26", "2026-07-27", "2026-07-28", "2026-07-29", "2026-07-30", "2026-07-31", "2026-08-01", "2026-08-02"], "precip_mm": [0.0, 0.0, 0.0, 0.0, 0.0, 0.0, 0.0, 0.0, 0.0, 0.0], "past_7d_mm": 0.0, "next_3d_mm": 0.0}, "aqi": {"us_aqi": 173, "pm2_5": 156.0}, "burn_rate": 5523.8}}, {"type": "Feature", "geometry": {"type": "Point", "coordinates": [-116.98895, 41.44179]}, "properties": {"id": "84ad9b46-6849-4dca-902a-3692aa589e68", "source": "WFIGS", "name": "Chimney", "acres": 20985, "contained": 90, "state": "NV", "cause": "Natural", "discovered": "2026-07-26T14:25:00+00:00", "rain": {"days": ["2026-07-24", "2026-07-25", "2026-07-26", "2026-07-27", "2026-07-28", "2026-07-29", "2026-07-30", "2026-07-31", "2026-08-01", "2026-08-02"], "precip_mm": [0.0, 0.0, 0.0, 0.0, 0.0, 0.0, 0.0, 0.0, 0.0, 0.0], "past_7d_mm": 0.0, "next_3d_mm": 0.0}, "aqi": {"us_aqi": 56, "pm2_5": 13.6}, "burn_rate": 4160.5}}, {"type": "Feature", "geometry": {"type": "Point", "coordinates": [-155.79253, 20.01978]}, "properties": {"id": "e9e1f1ec-f068-466b-8acd-f861f929f4a8", "source": "WFIGS", "name": "Kawaihae Road", "acres": 560, "contained": 100, "state": "HI", "cause": "Undetermined", "discovered": "2026-07-26T01:08:00+00:00", "burn_rate": 100.0}}, {"type": "Feature", "geometry": {"type": "Point", "coordinates": [-120.74211, 46.36654]}, "properties": {"id": "d292483b-a236-4fc2-a52d-771a0edb115b", "source": "WFIGS", "name": "Ransier", "acres": 1302, "contained": 55, "state": "WA", "cause": "Undetermined", "discovered": "2026-07-26T20:47:46+00:00", "rain": {"days": ["2026-07-24", "2026-07-25", "2026-07-26", "2026-07-27", "2026-07-28", "2026-07-29", "2026-07-30", "2026-07-31", "2026-08-01", "2026-08-02"], "precip_mm": [0.0, 0.0, 0.0, 0.0, 0.0, 0.0, 0.0, 0.0, 0.0, 0.0], "past_7d_mm": 0.0, "next_3d_mm": 0.0}, "aqi": {"us_aqi": 19, "pm2_5": 0.9}, "burn_rate": 272.5}}, {"type": "Feature", "geometry": {"type": "Point", "coordinates": [-119.69313, 48.70462]}, "properties": {"id": "78d35d3b-f791-4961-ae36-c6d1a4dff5a0", "source": "WFIGS", "name": "Sinlahekin", "acres": 11316, "contained": 0, "state": "WA", "cause": "Undetermined", "discovered": "2026-07-26T21:12:00+00:00", "rain": {"days": ["2026-07-24", "2026-07-25", "2026-07-26", "2026-07-27", "2026-07-28", "2026-07-29", "2026-07-30", "2026-07-31", "2026-08-01", "2026-08-02"], "precip_mm": [0.0, 0.0, 0.0, 0.0, 0.0, 0.0, 0.0, 0.0, 0.0, 0.0], "past_7d_mm": 0.0, "next_3d_mm": 0.0}, "aqi": {"us_aqi": 188, "pm2_5": 107.8}, "burn_rate": 2376.7}}, {"type": "Feature", "geometry": {"type": "Point", "coordinates": [-120.40085, 37.96306]}, "properties": {"id": "be60b30d-5560-45ee-87bc-6854709a4876", "source": "WFIGS", "name": "Dove", "acres": 221, "contained": 85, "state": "CA", "cause": "Undetermined", "discovered": "2026-07-26T21:48:46+00:00", "burn_rate": 46.7}}, {"type": "Feature", "geometry": {"type": "Point", "coordinates": [-113.69076, 46.07221]}, "properties": {"id": "f039127f-ae05-4c20-9824-653361758dc2", "source": "WFIGS", "name": "Moose", "acres": 225, "contained": 0, "state": "MT", "cause": "Undetermined", "discovered": "2026-07-26T21:44:32+00:00", "burn_rate": 47.5}}, {"type": "Feature", "geometry": {"type": "Point", "coordinates": [-105.4214, 48.34973]}, "properties": {"id": "78aabcd5-a94b-49ce-b272-ff258e0bfefb", "source": "WFIGS", "name": "Buffalo Ranch 2", "acres": 125, "contained": null, "state": "MT", "cause": "Human", "discovered": "2026-07-26T18:54:00+00:00", "burn_rate": 25.7}}, {"type": "Feature", "geometry": {"type": "Point", "coordinates": [-101.82156, 45.50607]}, "properties": {"id": "bb606325-b2b1-4700-a438-239a4e99cf1d", "source": "WFIGS", "name": "Twin Butte Ck", "acres": 890, "contained": null, "state": "SD", "cause": null, "discovered": "2026-07-25T22:40:22+00:00", "burn_rate": 156.1}}, {"type": "Feature", "geometry": {"type": "Point", "coordinates": [-105.09612, 44.45615]}, "properties": {"id": "4e341e80-f37d-4721-b8fd-34e62cf510e7", "source": "WFIGS", "name": "Kohns", "acres": 2700, "contained": 100, "state": "WY", "cause": "Natural", "discovered": "2026-07-27T12:06:40+00:00", "rain": {"days": ["2026-07-24", "2026-07-25", "2026-07-26", "2026-07-27", "2026-07-28", "2026-07-29", "2026-07-30", "2026-07-31", "2026-08-01", "2026-08-02"], "precip_mm": [0.0, 0.0, 0.0, 0.0, 0.0, 0.4, 0.0, 0.0, 0.0, 0.0], "past_7d_mm": 0.4, "next_3d_mm": 0.0}, "aqi": {"us_aqi": 53, "pm2_5": 8.5}, "burn_rate": 652.2}}, {"type": "Feature", "geometry": {"type": "Point", "coordinates": [-102.84362, 44.7639]}, "properties": {"id": "d162d596-c8cd-422e-9b5e-75799f47ccfe", "source": "WFIGS", "name": "Fairpoint", "acres": 510, "contained": 100, "state": "SD", "cause": "Natural", "discovered": "2026-07-25T18:00:00+00:00", "burn_rate": 86.5}}, {"type": "Feature", "geometry": {"type": "Point", "coordinates": [-108.46746, 33.24571]}, "properties": {"id": "438c97dc-b8f8-44e1-8c0c-7d58494f4d99", "source": "WFIGS", "name": "Johnson", "acres": 280, "contained": null, "state": "NM", "cause": "Natural", "discovered": "2026-07-26T19:38:56+00:00", "burn_rate": 58.0}}, {"type": "Feature", "geometry": {"type": "Point", "coordinates": [-104.85031, 36.32581]}, "properties": {"id": "2df78dfc-471e-4d8d-9e21-f4309881a09e", "source": "WFIGS", "name": "Rayado Mesa", "acres": 934, "contained": 75, "state": "NM", "cause": "Natural", "discovered": "2026-07-27T19:01:34+00:00", "burn_rate": 242.5}}, {"type": "Feature", "geometry": {"type": "Point", "coordinates": [-118.65001, 35.28167]}, "properties": {"id": "64e33f82-1ea7-4427-a234-05256b79cb7d", "source": "WFIGS", "name": "Fish", "acres": 4201, "contained": 87, "state": "CA", "cause": "Undetermined", "discovered": "2026-07-27T19:05:00+00:00", "rain": {"days": ["2026-07-24", "2026-07-25", "2026-07-26", "2026-07-27", "2026-07-28", "2026-07-29", "2026-07-30", "2026-07-31", "2026-08-01", "2026-08-02"], "precip_mm": [0.0, 0.0, 0.0, 0.0, 0.0, 0.0, 0.0, 0.0, 0.0, 0.0], "past_7d_mm": 0.0, "next_3d_mm": 0.0}, "aqi": {"us_aqi": 51, "pm2_5": 9.1}, "burn_rate": 1091.3}}, {"type": "Feature", "geometry": {"type": "Point", "coordinates": [-97.39908, 34.37855]}, "properties": {"id": "56724a0f-73dd-4852-91d9-316d3ff7b09a", "source": "WFIGS", "name": "Citation", "acres": 191, "contained": null, "state": "OK", "cause": "Human", "discovered": "2026-07-27T18:00:00+00:00", "burn_rate": 49.0}}, {"type": "Feature", "geometry": {"type": "Point", "coordinates": [-102.07304, 43.56336]}, "properties": {"id": "ddbd3fee-02cb-43e5-b9a9-4b62c9f6f3ba", "source": "WFIGS", "name": "Potato Creek", "acres": 9000, "contained": 30, "state": "SD", "cause": "Natural", "discovered": "2026-07-27T19:21:00+00:00", "rain": {"days": ["2026-07-24", "2026-07-25", "2026-07-26", "2026-07-27", "2026-07-28", "2026-07-29", "2026-07-30", "2026-07-31", "2026-08-01", "2026-08-02"], "precip_mm": [1.8, 0.0, 0.0, 0.7, 0.0, 0.0, 0.0, 0.0, 0.0, 0.0], "past_7d_mm": 2.5, "next_3d_mm": 0.0}, "aqi": {"us_aqi": 35, "pm2_5": 8.6}, "burn_rate": 2344.8}}, {"type": "Feature", "geometry": {"type": "Point", "coordinates": [-112.49899, 38.72892]}, "properties": {"id": "07c99ed8-e61d-43f0-af86-b3a75f30781c", "source": "WFIGS", "name": "Widemouth 2", "acres": 5926, "contained": 15, "state": "UT", "cause": "Natural", "discovered": "2026-07-27T23:02:28+00:00", "rain": {"days": ["2026-07-24", "2026-07-25", "2026-07-26", "2026-07-27", "2026-07-28", "2026-07-29", "2026-07-30", "2026-07-31", "2026-08-01", "2026-08-02"], "precip_mm": [5.0, 0.0, 0.0, 0.0, 3.2, 0.0, 0.0, 0.0, 0.0, 0.0], "past_7d_mm": 8.2, "next_3d_mm": 0.0}, "aqi": {"us_aqi": 76, "pm2_5": 23.4}, "burn_rate": 1608.4}}, {"type": "Feature", "geometry": {"type": "Point", "coordinates": [-80.8295, 26.24034]}, "properties": {"id": "141074aa-a128-490d-9759-5fdd6bc62ca8", "source": "WFIGS", "name": "L 28", "acres": 1000, "contained": 100, "state": "FL", "cause": "Undetermined", "discovered": "2026-07-28T13:44:41+00:00", "burn_rate": 325.5}}, {"type": "Feature", "geometry": {"type": "Point", "coordinates": [-106.98522, 37.12465]}, "properties": {"id": "31e42281-5dc8-48b0-9031-af570c7b2cdf", "source": "WFIGS", "name": "Rio Blanco", "acres": 687, "contained": 0, "state": "CO", "cause": "Natural", "discovered": "2026-07-28T21:11:00+00:00", "burn_rate": 248.7}}, {"type": "Feature", "geometry": {"type": "Point", "coordinates": [-104.34691, 34.97406]}, "properties": {"id": "5c97d48d-c322-49d4-b0c7-ad92a2df7eef", "source": "WFIGS", "name": "Slash", "acres": 158, "contained": null, "state": "NM", "cause": "Undetermined", "discovered": "2026-07-28T19:00:00+00:00", "burn_rate": 55.4}}, {"type": "Feature", "geometry": {"type": "Point", "coordinates": [-80.81195, 26.26]}, "properties": {"id": "c3bdb4e8-db16-49be-9fd4-c8d6e7a042ca", "source": "WFIGS", "name": "Holey Land (6)", "acres": 5400, "contained": 50, "state": "FL", "cause": "Natural", "discovered": "2026-07-28T13:35:00+00:00", "rain": {"days": ["2026-07-24", "2026-07-25", "2026-07-26", "2026-07-27", "2026-07-28", "2026-07-29", "2026-07-30", "2026-07-31", "2026-08-01", "2026-08-02"], "precip_mm": [0.0, 10.5, 4.0, 0.0, 0.0, 0.0, 0.0, 2.9, 0.0, 23.2], "past_7d_mm": 14.5, "next_3d_mm": 26.1}, "aqi": {"us_aqi": 45, "pm2_5": 6.4}, "burn_rate": 1754.1}}, {"type": "Feature", "geometry": {"type": "Point", "coordinates": [-104.67974, 35.41198]}, "properties": {"id": "53229733-fa33-4b03-b3f3-a9bf4f14964d", "source": "WFIGS", "name": "Shell City", "acres": 136, "contained": null, "state": "NM", "cause": "Natural", "discovered": "2026-07-29T05:00:00+00:00", "burn_rate": 55.8}}, {"type": "Feature", "geometry": {"type": "Point", "coordinates": [-102.26984, 44.43701]}, "properties": {"id": "478d2898-e69e-4ca1-bd03-799240df47fe", "source": "WFIGS", "name": "Duhamel", "acres": 531, "contained": 90, "state": "SD", "cause": "Human", "discovered": "2026-07-29T18:38:00+00:00", "burn_rate": 284.2}}, {"type": "Feature", "geometry": {"type": "Point", "coordinates": [-114.86666, 48.49134]}, "properties": {"id": "a6e06e12-a58b-4ff0-8920-94504d253cf7", "source": "WFIGS", "name": "Skillet", "acres": 600, "contained": 0, "state": "MT", "cause": "Undetermined", "discovered": "2026-07-29T22:19:05+00:00", "burn_rate": 349.9}}, {"type": "Feature", "geometry": {"type": "Point", "coordinates": [-100.63457, 45.94393]}, "properties": {"id": "64a7449b-cb5f-4f1b-8317-e4ad81006ed1", "source": "WFIGS", "name": "Stateline 4", "acres": 150, "contained": null, "state": "ND", "cause": null, "discovered": "2026-07-29T20:35:07+00:00", "burn_rate": 83.9}}, {"type": "Feature", "geometry": {"type": "Point", "coordinates": [-113.02002, 42.66507]}, "properties": {"id": "3c59c816-9f7e-4849-98f0-1d1530c6404b", "source": "WFIGS", "name": "Lake Channel", "acres": 1200, "contained": 15, "state": "ID", "cause": "Natural", "discovered": "2026-07-29T23:40:00+00:00", "burn_rate": 723.6}}, {"type": "Feature", "geometry": {"type": "Point", "coordinates": [-81.66667, 30.97806]}, "properties": {"id": "79c0d35a-957f-49c8-af1a-720c05cc75e8", "source": "WFIGS", "name": "Camden Mccarthy Overpass", "acres": 1275, "contained": 90, "state": "GA", "cause": "Undetermined", "discovered": "2026-07-29T22:00:00+00:00", "burn_rate": 737.9}}, {"type": "Feature", "geometry": {"type": "Point", "coordinates": [-83.0725, 29.40306]}, "properties": {"id": "316b5d0a-bcb7-4506-a340-32be3f696127", "source": "WFIGS", "name": "Hudson 19- Dixie (15)", "acres": 125, "contained": 70, "state": "FL", "cause": "Natural", "discovered": "2026-07-27T14:10:00+00:00", "burn_rate": 30.8}}, {"type": "Feature", "geometry": {"type": "Point", "coordinates": [-106.94741, 47.77128]}, "properties": {"id": "4739f200-93b7-48be-9824-b8467778dda7", "source": "WFIGS", "name": "King Salmon", "acres": 151, "contained": null, "state": "MT", "cause": "Undetermined", "discovered": "2026-07-30T17:18:24+00:00", "burn_rate": null}}, {"type": "Feature", "geometry": {"type": "Point", "coordinates": [-123.32081, 38.56913]}, "properties": {"id": "fdd96dd7-efdf-4a9e-9b90-278795196bba", "source": "WFIGS", "name": "Woodside", "acres": 142.5, "contained": null, "state": "CA", "cause": "Undetermined", "discovered": "2026-07-30T20:42:56+00:00", "burn_rate": null}}, {"type": "Feature", "geometry": {"type": "Point", "coordinates": [-102.33034, 45.65278]}, "properties": {"id": "c25f4553-a9c4-438c-8e3b-cb17d8c9b654", "source": "WFIGS", "name": "Pleasant Ridge", "acres": 1260, "contained": 90, "state": "SD", "cause": "Natural", "discovered": "2026-07-29T20:24:00+00:00", "burn_rate": 702.1}}, {"type": "Feature", "geometry": {"type": "Point", "coordinates": [-81.15306, 29.31334]}, "properties": {"id": "5509f4b8-a189-452a-8bde-e1b58bdfa109", "source": "WFIGS", "name": "Rock Rd (18)", "acres": 188, "contained": 100, "state": "FL", "cause": "Natural", "discovered": "2026-07-23T17:53:00+00:00", "burn_rate": 23.8}}, {"type": "Feature", "geometry": {"type": "Point", "coordinates": [-96.52978, 35.12258]}, "properties": {"id": "350fa754-2f24-4a35-950d-cd3272809745", "source": "WFIGS", "name": "Lilly Pad", "acres": 185, "contained": null, "state": "OK", "cause": "Human", "discovered": "2026-07-30T20:30:00+00:00", "burn_rate": null}}]}