{"type":"FeatureCollection","analysis_date":"2026-08-05","age_days":1,"features":[{"type":"Feature","geometry":{"type":"Polygon","coordinates":[[[-113.862,44.332],[-113.856,44.357],[-113.819,44.387],[-113.772,44.406],[-113.714,44.41],[-113.638,44.401],[-113.584,44.386],[-113.567,44.368],[-113.565,44.351],[-113.587,44.339],[-113.638,44.332],[-113.688,44.331],[-113.734,44.325],[-113.781,44.314],[-113.805,44.304],[-113.828,44.298],[-113.858,44.306],[-113.865,44.311],[-113.865,44.318],[-113.862,44.332]]]},"properties":{"density":"Light"}},{"type":"Feature","geometry":{"type":"Polygon","coordinates":[[[-107.3528,38.0666],[-107.3618,38.0856],[-107.3768,38.1156],[-107.3818,38.1396],[-107.3748,38.1556],[-107.3578,38.1656],[-107.3288,38.1656],[-107.3118,38.1606],[-107.2978,38.1466],[-107.2938,38.1336],[-107.2888,38.1036],[-107.2918,38.0876],[-107.2988,38.0696],[-107.3048,38.0626],[-107.3208,38.0596],[-107.3308,38.0596],[-107.3438,38.0596],[-107.3528,38.0666]]]},"properties":{"density":"Light"}},{"type":"Feature","geometry":{"type":"Polygon","coordinates":[[[-116.8826,42.3011],[-116.9083,42.3118],[-116.9682,42.3257],[-117.0324,42.33],[-117.0763,42.33],[-117.1084,42.3343],[-117.1512,42.3557],[-117.1875,42.3856],[-117.2218,42.4199],[-117.256,42.4734],[-117.2753,42.5547],[-117.2935,42.6285],[-117.3288,42.7633],[-117.3202,42.8018],[-117.2956,42.8714],[-117.2838,42.9035],[-117.2475,42.9153],[-117.1726,42.926],[-117.0998,42.9153],[-117.0613,42.8971],[-117.026,42.8671],[-116.9864,42.8115],[-116.9522,42.7944],[-116.9393,42.7922],[-116.8901,42.7911],[-116.8473,42.7976],[-116.8045,42.804],[-116.7457,42.8061],[-116.6964,42.7901],[-116.6686,42.7644],[-116.644,42.7344],[-116.6215,42.6895],[-116.6141,42.6349],[-116.6119,42.5665],[-116.6237,42.4969],[-116.659,42.4049],[-116.7018,42.3407],[-116.7275,42.3172],[-116.7639,42.2958],[-116.8056,42.2872],[-116.8452,42.2894],[-116.8676,42.2958],[-116.8826,42.3011]]]},"properties":{"density":"Light"}},{"type":"Feature","geometry":{"type":"Polygon","coordinates":[[[-113.2822,47.8298],[-113.3136,47.8483],[-113.3571,47.8747],[-113.412,47.894],[-113.4626,47.9068],[-113.5233,47.9211],[-113.5611,47.9353],[-113.6032,47.9624],[-113.6567,48.0052],[-113.6852,48.0409],[-113.688,48.0751],[-113.6631,48.0937],[-113.6246,48.0873],[-113.5782,48.0666],[-113.5261,48.0395],[-113.4626,48.0159],[-113.3756,48.0009],[-113.315,47.9838],[-113.2651,47.9631],[-113.2094,47.9346],[-113.1859,47.884],[-113.1902,47.8554],[-113.2002,47.8376],[-113.2173,47.8269],[-113.2458,47.8241],[-113.2743,47.8276],[-113.2822,47.8298]]]},"properties":{"density":"Light"}},{"type":"Feature","geometry":{"type":"Polygon","coordinates":[[[-112.5201,38.5646],[-112.5463,38.6695],[-112.6989,38.8531],[-112.7895,38.9509],[-112.861,39.0486],[-112.9111,39.1726],[-112.9397,39.3013],[-112.9492,39.3991],[-112.9445,39.4897],[-112.8968,39.5326],[-112.8014,39.5612],[-112.6607,39.5493],[-112.563,39.5135],[-112.4295,39.4539],[-112.3484,39.4086],[-112.2077,39.3705],[-112.0551,39.3538],[-111.9026,39.3442],[-111.769,39.3347],[-111.6284,39.3109],[-111.5449,39.2918],[-111.4686,39.287],[-111.3757,39.3228],[-111.3685,39.3872],[-111.3089,39.4372],[-111.1873,39.4682],[-111.0276,39.4945],[-110.4601,39.4897],[-110.2599,39.4515],[-109.9189,39.3633],[-109.5875,39.3156],[-109.3682,39.2942],[-109.2251,39.287],[-108.8794,39.2703],[-108.6219,39.1726],[-108.3883,39.1046],[-108.3132,39.051],[-108.2667,38.9652],[-108.3418,38.9079],[-108.517,38.9079],[-108.7423,38.933],[-108.9176,38.9079],[-109.0177,38.8471],[-109.1751,38.772],[-109.3253,38.747],[-109.5077,38.747],[-109.7294,38.7542],[-109.9583,38.7792],[-110.1943,38.815],[-110.4303,38.8007],[-110.5841,38.7685],[-110.7629,38.7077],[-110.999,38.6254],[-111.1392,38.604],[-111.2346,38.6183],[-111.2998,38.6501],[-111.3824,38.6898],[-111.4746,38.7057],[-111.6034,38.7295],[-111.7289,38.7438],[-111.8418,38.7248],[-112.023,38.6723],[-112.1167,38.6358],[-112.2185,38.5897],[-112.3202,38.5483],[-112.414,38.5388],[-112.4569,38.5436],[-112.5125,38.5531],[-112.5201,38.5646]]]},"properties":{"density":"Light"}},{"type":"Feature","geometry":{"type":"Polygon","coordinates":[[[-120.9134,39.7219],[-120.8584,39.7357],[-120.8053,39.7199],[-120.7542,39.657],[-120.7011,39.547],[-120.6539,39.4114],[-120.6382,39.2738],[-120.6107,39.1401],[-120.5891,38.973],[-120.5576,38.8354],[-120.536,38.7234],[-120.5321,38.5917],[-120.5517,38.5151],[-120.5547,38.2625],[-120.5429,38.1357],[-120.5547,37.9971],[-120.5635,37.8704],[-120.5222,37.7347],[-120.4574,37.6168],[-120.3542,37.434],[-120.1861,37.2807],[-119.968,37.0832],[-119.8353,36.9092],[-119.6849,36.691],[-119.5286,36.4905],[-119.4107,36.352],[-119.3252,36.2134],[-119.278,36.1014],[-119.3252,36.0542],[-119.4461,36.0896],[-119.6289,36.2016],[-119.9208,36.4728],[-120.1508,36.7146],[-120.3542,36.98],[-120.6402,37.2689],[-120.823,37.5401],[-120.9055,37.7613],[-120.9576,38.004],[-121.0264,38.1927],[-121.0972,38.3814],[-121.1463,38.6979],[-121.1384,38.8237],[-121.1286,39.0733],[-121.109,39.2679],[-121.1168,39.4749],[-121.0932,39.5326],[-121.0683,39.5824],[-121.0277,39.6295],[-120.974,39.6741],[-120.9504,39.6937],[-120.9134,39.7219]]]},"properties":{"density":"Light"}},{"type":"Feature","geometry":{"type":"Polygon","coordinates":[[[-124.0274,58.3016],[-125.5652,60.9542],[-128.2562,63.4915],[-132.3041,66.1255],[-135.3497,67.864],[-137.6905,70.5978],[-136.4945,73.2376],[-133.8419,74.3909],[-126.653,74.3524],[-121.194,73.3529],[-115.8902,70.5907],[-113.9168,67.6946],[-111.5077,64.9267],[-108.0624,60.2501],[-104.7562,57.7385],[-100.9793,56.162],[-99.3524,55.8187],[-98.0837,55.3112],[-96.6806,55.0127],[-95.1731,54.5948],[-94.0089,54.2813],[-92.8894,53.8186],[-91.7252,52.9828],[-90.4416,52.4603],[-87.74,51.8484],[-85.6503,51.3409],[-83.6502,51.1767],[-81.7371,51.2082],[-80.349,51.5664],[-78.6027,52.1933],[-76.2742,53.0217],[-74.0801,54.2754],[-72.4678,55.4895],[-71.0647,56.4448],[-69.6919,56.9621],[-68.2814,57.6114],[-66.3335,57.589],[-63.6245,56.4696],[-61.005,54.8911],[-59.5609,53.7493],[-55.1951,51.1298],[-53.4487,49.014],[-51.4001,46.9655],[-50.1911,44.6482],[-50.6613,41.6929],[-51.7024,40.2824],[-53.3816,39.6779],[-55.1615,39.4428],[-57.1429,39.9465],[-61.0386,40.9876],[-63.3894,41.5921],[-65.0152,41.7335],[-66.3783,41.76],[-68.8784,41.6294],[-72.08,41.2936],[-75.707,41.1593],[-77.5429,40.9802],[-78.6277,40.1663],[-79.4785,39.1663],[-80.2397,38.1513],[-80.6427,37.3453],[-80.7024,36.196],[-80.3741,35.0169],[-80.2994,33.7482],[-81.0916,32.0246],[-81.7968,30.1775],[-82.9051,28.1289],[-83.5096,27.3229],[-84.7186,26.4833],[-85.894,26.0803],[-87.3381,25.9124],[-89.3531,25.5766],[-90.7971,25.1064],[-91.7039,24.737],[-92.75,22.8999],[-92.8097,22.0939],[-92.8992,20.6013],[-92.8097,20.0043],[-92.6305,19.5565],[-92.75,17.4519],[-92.5708,17.1833],[-92.3022,16.631],[-91.7051,16.019],[-91.3171,15.6907],[-90.8842,14.9742],[-89.7498,14.2428],[-89.3618,13.8249],[-89.1827,12.6607],[-89.8095,11.4965],[-91.4962,11.2726],[-94.765,10.989],[-95.9889,11.0487],[-99.8846,10.7352],[-101.1234,11.0636],[-102.4369,11.5711],[-104.4519,12.6943],[-105.5266,13.4331],[-107.2505,14.0152],[-108.4147,14.4406],[-109.3327,14.7093],[-110.3999,14.9182],[-110.8029,15.3063],[-111.1014,15.9332],[-111.0865,16.8437],[-110.8924,17.5601],[-110.5491,18.3214],[-110.2357,18.7393],[-109.5163,19.7875],[-109.3518,20.5089],[-109.2252,21.1544],[-109.4151,21.7366],[-109.5143,22.3936],[-111.975,25.496],[-113.114,27.3058],[-112.7259,28.4027],[-111.4148,28.4866],[-110.1112,28.1955],[-108.9121,27.4514],[-106.9187,25.5529],[-105.4843,24.0181],[-104.6633,23.4957],[-104.32,23.227],[-103.917,22.7792],[-103.0364,22.1523],[-102.5289,21.9135],[-101.708,21.7493],[-100.6184,22.0926],[-99.9617,22.7046],[-99.8124,23.63],[-100.1408,24.6748],[-100.9766,25.3614],[-102.1408,26.6301],[-102.7528,27.6899],[-103.0215,28.1675],[-103.8722,28.466],[-104.5589,28.6004],[-105.6186,28.7347],[-106.0962,29.078],[-107.1261,30.578],[-107.462,32.302],[-106.9246,33.5334],[-105.8723,34.0036],[-104.82,34.5633],[-103.7454,35.1454],[-103.5663,35.9738],[-104.1932,36.8022],[-104.8424,37.0037],[-105.4245,37.0261],[-107.4843,36.1977],[-108.1336,35.8618],[-108.671,35.4588],[-109.4546,35.526],[-110.1038,36.0409],[-110.7755,36.5559],[-111.3352,37.0485],[-112.2084,37.8022],[-113.0144,38.25],[-113.4848,38.2508],[-114.1217,38.1613],[-114.6391,38.1215],[-115.1565,38.1016],[-115.6541,38.0319],[-116.1416,37.9025],[-116.6591,37.6836],[-117.276,37.2359],[-118.2711,37.3055],[-119.3463,38.1439],[-119.6349,38.5916],[-119.8837,38.8901],[-120.1026,39.2484],[-120.3812,39.4872],[-120.4509,39.5867],[-120.5603,39.6862],[-120.829,39.7459],[-121.2071,39.736],[-121.5454,39.726],[-121.8041,39.6862],[-122.1424,39.8156],[-122.5504,40.0544],[-122.9584,40.5121],[-123.2967,40.6813],[-124.0159,40.8944],[-124.7854,40.8678],[-125.2365,40.6887],[-125.5682,40.2841],[-125.7407,39.6937],[-125.8999,39.0369],[-126.0127,38.2873],[-126.1453,37.7102],[-126.5008,36.6513],[-126.874,35.1885],[-127.4561,34.3527],[-128.889,34.0243],[-130.5756,34.3228],[-132.2772,35.9348],[-132.4861,37.4573],[-132.0682,38.8454],[-131.7846,39.6215],[-130.4562,42.5246],[-129.3368,43.4052],[-128.3517,44.2859],[-128.0233,44.9575],[-127.6203,45.7188],[-127.2621,47.0173],[-127.2322,49.9428],[-127.1277,50.6593],[-124.7194,54.1497],[-123.8352,56.0334],[-124.0274,58.3016]]]},"properties":{"density":"Light"}},{"type":"Feature","geometry":{"type":"Polygon","coordinates":[[[-83.521,51.3563],[-83.44,51.4058],[-83.305,51.4531],[-83.0485,51.4913],[-82.9022,51.5296],[-82.756,51.5791],[-82.5872,51.6488],[-82.3802,51.7006],[-82.2295,51.7276],[-82.0945,51.7433],[-82.0067,51.7096],[-81.9955,51.6556],[-82.0472,51.5858],[-82.1237,51.5386],[-82.3667,51.4396],[-82.6862,51.3721],[-82.8077,51.3586],[-82.936,51.3518],[-83.1205,51.3226],[-83.2285,51.3023],[-83.3522,51.2708],[-83.44,51.2573],[-83.494,51.2528],[-83.53,51.2641],[-83.5547,51.2843],[-83.5615,51.3091],[-83.5412,51.3428],[-83.521,51.3563]]]},"properties":{"density":"Light"}},{"type":"Feature","geometry":{"type":"Polygon","coordinates":[[[-82.2705,52.3114],[-82.2188,52.3384],[-82.1198,52.4059],[-82.0095,52.4577],[-81.9398,52.5004],[-81.8093,52.5522],[-81.6608,52.5747],[-81.5055,52.6197],[-81.3975,52.6219],[-81.2963,52.6309],[-81.222,52.6129],[-81.2085,52.5882],[-81.2085,52.5567],[-81.2423,52.5184],[-81.2918,52.4802],[-81.366,52.4464],[-81.4965,52.4082],[-81.6293,52.3947],[-81.7463,52.3722],[-81.9083,52.3407],[-82.0545,52.3024],[-82.149,52.2799],[-82.2165,52.2664],[-82.257,52.2619],[-82.2725,52.2587],[-82.2845,52.2607],[-82.2925,52.2807],[-82.2925,52.2957],[-82.2835,52.3057],[-82.2705,52.3114]]]},"properties":{"density":"Light"}},{"type":"Feature","geometry":{"type":"Polygon","coordinates":[[[-84.6462,52.4058],[-84.5787,52.4576],[-84.4842,52.5206],[-84.2772,52.6083],[-84.131,52.6533],[-83.8362,52.7433],[-83.726,52.7681],[-83.555,52.8221],[-83.4672,52.8378],[-83.3682,52.8536],[-83.3142,52.8536],[-83.2895,52.8266],[-83.3052,52.7861],[-83.3592,52.7366],[-83.474,52.6781],[-83.5865,52.6331],[-83.717,52.5926],[-83.9532,52.5206],[-84.1445,52.4531],[-84.311,52.3878],[-84.5405,52.3518],[-84.6215,52.3518],[-84.6417,52.3518],[-84.653,52.3676],[-84.6642,52.3901],[-84.6552,52.3983],[-84.6462,52.4058]]]},"properties":{"density":"Light"}},{"type":"Feature","geometry":{"type":"Polygon","coordinates":[[[-118.7187,63.806],[-118.6602,63.7835],[-118.6129,63.734],[-118.5837,63.6733],[-118.5612,63.5968],[-118.5319,63.4843],[-118.5094,63.4055],[-118.5241,63.257],[-118.5004,63.1355],[-118.5004,63.0714],[-118.5376,62.9938],[-118.5983,62.9904],[-118.6962,63.0275],[-118.8008,63.0714],[-118.8717,63.1186],[-118.9223,63.23],[-118.9291,63.3009],[-118.9156,63.419],[-118.8953,63.5101],[-118.8784,63.6013],[-118.8514,63.6958],[-118.8211,63.7666],[-118.7974,63.7936],[-118.7806,63.8038],[-118.7536,63.8038],[-118.7187,63.806]]]},"properties":{"density":"Light"}},{"type":"Feature","geometry":{"type":"Polygon","coordinates":[[[-80.8285,58.9101],[-81.8156,58.5304],[-83.6192,57.9039],[-84.7772,57.4483],[-85.4417,57.0116],[-86.7574,56.3166],[-87.4662,55.0847],[-87.7615,54.5025],[-88.2256,53.8613],[-88.802,53.3097],[-89.4284,53.0819],[-89.8651,52.7971],[-90.1878,52.2845],[-90.2448,51.9238],[-89.8271,51.7909],[-89.1247,51.8479],[-88.1375,51.9997],[-87.0744,52.2655],[-83.885,53.8602],[-82.9737,54.164],[-81.7017,54.6765],[-80.4867,55.1132],[-79.3856,55.5688],[-78.1137,55.8536],[-76.7278,56.2713],[-76.0633,56.632],[-75.6647,57.1066],[-75.6267,57.4483],[-76.1772,57.5432],[-76.7847,57.3724],[-77.4872,57.0496],[-77.9998,56.8598],[-78.5693,56.9167],[-78.987,57.1635],[-79.0059,57.3913],[-78.873,57.6951],[-78.7781,58.2267],[-78.7212,58.5304],[-78.8541,58.8911],[-79.1578,59.2518],[-79.7084,59.2518],[-80.2209,59.1379],[-80.6576,59.081],[-80.8285,58.9101]]]},"properties":{"density":"Light"}},{"type":"Feature","geometry":{"type":"Polygon","coordinates":[[[-81.7887,52.1813],[-81.8245,52.1096],[-81.8934,51.9828],[-81.932,51.9112],[-82.0037,51.8258],[-82.0974,51.7817],[-82.2131,51.7403],[-82.2737,51.7211],[-82.3399,51.699],[-82.428,51.6715],[-82.5272,51.6439],[-82.6347,51.6219],[-82.8662,51.5778],[-83.0122,51.5475],[-83.1886,51.5089],[-83.3429,51.462],[-83.4256,51.4345],[-83.489,51.4069],[-83.5551,51.3601],[-83.5634,51.3132],[-83.5413,51.2554],[-83.4697,51.2333],[-83.3512,51.2306],[-83.2382,51.2498],[-83.1225,51.2719],[-82.9847,51.2994],[-82.7808,51.3325],[-82.5024,51.3849],[-82.3343,51.4097],[-82.2241,51.4152],[-82.0147,51.4482],[-81.8328,51.4813],[-81.6096,51.5778],[-81.5021,51.6797],[-81.3864,51.8396],[-81.3616,51.947],[-81.3588,52.0435],[-81.3974,52.1399],[-81.4608,52.2391],[-81.5572,52.2998],[-81.6565,52.3135],[-81.7061,52.297],[-81.7584,52.2584],[-81.7887,52.1813]]]},"properties":{"density":"Light"}},{"type":"Feature","geometry":{"type":"Polygon","coordinates":[[[-121.0313,39.813],[-121.1016,39.784],[-121.1429,39.7427],[-121.2008,39.6642],[-121.2173,39.5815],[-121.2173,39.5029],[-121.1636,39.3459],[-121.114,39.2053],[-121.0974,39.102],[-121.0933,38.9532],[-121.0933,38.8912],[-121.1222,38.7755],[-121.147,38.6556],[-121.1429,38.5688],[-121.1305,38.4778],[-121.1098,38.3538],[-121.0768,38.2381],[-121.0396,38.1224],[-121.023,38.0397],[-120.9527,37.8909],[-120.837,37.7834],[-120.7006,37.7627],[-120.5766,37.8123],[-120.5435,37.9074],[-120.5311,38.0521],[-120.5311,38.1513],[-120.5353,38.2877],[-120.5353,38.3952],[-120.5146,38.5316],[-120.5063,38.6969],[-120.5311,38.7879],[-120.5931,38.9325],[-120.6345,39.0235],[-120.713,39.1475],[-120.7378,39.2053],[-120.7585,39.2839],[-120.7337,39.3789],[-120.6882,39.4533],[-120.6799,39.5567],[-120.6965,39.6187],[-120.7295,39.689],[-120.7667,39.7468],[-120.8081,39.7882],[-120.899,39.813],[-120.9651,39.8212],[-120.9651,39.8212],[-121.0313,39.813]]]},"properties":{"density":"Light"}},{"type":"Feature","geometry":{"type":"Polygon","coordinates":[[[-107.2915,38.1742],[-107.3411,38.1576],[-107.3603,38.1273],[-107.3714,38.0805],[-107.33,38.0502],[-107.2281,38.0336],[-107.1316,38.0364],[-107.0462,38.0309],[-106.9498,38.0309],[-106.8671,38.0584],[-106.8147,38.1108],[-106.8175,38.1631],[-106.8698,38.2045],[-106.9442,38.2183],[-107.0352,38.232],[-107.1923,38.21],[-107.2501,38.1962],[-107.2915,38.1742]]]},"properties":{"density":"Light"}},{"type":"Feature","geometry":{"type":"Polygon","coordinates":[[[-111.0554,39.7224],[-111.1608,39.6728],[-111.3345,39.5426],[-111.5019,39.4186],[-111.6135,39.3876],[-111.7871,39.4558],[-111.9421,39.5736],[-112.1033,39.6852],[-112.2955,39.7844],[-112.5931,39.8774],[-112.7853,39.9022],[-113.0147,39.865],[-113.1201,39.7968],[-113.2751,39.6294],[-113.3495,39.4372],[-113.3309,39.1829],[-113.2627,38.8543],[-113.0829,38.6125],[-112.8659,38.4513],[-112.6055,38.3583],[-112.3017,38.3521],[-111.9545,38.4451],[-111.7561,38.5319],[-111.415,38.6001],[-111.167,38.6187],[-110.733,38.5753],[-110.3548,38.5629],[-109.8836,38.5071],[-109.6046,38.4823],[-109.3814,38.4823],[-109.0465,38.4389],[-108.7551,38.4265],[-108.4575,38.4637],[-108.3459,38.5877],[-108.2219,38.7551],[-108.2219,39.0093],[-108.3707,39.2388],[-108.6187,39.4186],[-108.9039,39.5426],[-109.1767,39.5984],[-109.741,39.741],[-110.0262,39.7968],[-110.454,39.803],[-110.702,39.8216],[-110.919,39.7782],[-111.0554,39.7224]]]},"properties":{"density":"Light"}},{"type":"Feature","geometry":{"type":"Polygon","coordinates":[[[-84.6042,52.4413],[-84.6263,52.4303],[-84.6373,52.4192],[-84.64,52.4165],[-84.6373,52.3917],[-84.6235,52.3779],[-84.6208,52.3779],[-84.5464,52.3751],[-84.5381,52.3751],[-84.4968,52.3862],[-84.4306,52.3999],[-84.3645,52.4165],[-84.3121,52.4275],[-84.268,52.444],[-84.2322,52.4606],[-84.2047,52.5074],[-84.2295,52.535],[-84.2791,52.5377],[-84.37,52.5212],[-84.4389,52.5019],[-84.4775,52.4881],[-84.5188,52.4743],[-84.5243,52.4743],[-84.6042,52.4413]]]},"properties":{"density":"Light"}},{"type":"Feature","geometry":{"type":"Polygon","coordinates":[[[-117.2336,50.636],[-117.2777,50.601],[-117.3016,50.5514],[-117.2997,50.5074],[-117.2667,50.478],[-117.1822,50.4339],[-117.1124,50.4228],[-117.0297,50.4045],[-116.9231,50.3861],[-116.8313,50.3769],[-116.7376,50.3696],[-116.6494,50.3677],[-116.5686,50.3751],[-116.541,50.41],[-116.5337,50.4541],[-116.552,50.511],[-116.5998,50.557],[-116.6972,50.5992],[-116.7743,50.6304],[-116.9195,50.6543],[-117.0131,50.6635],[-117.0756,50.6617],[-117.1418,50.6525],[-117.2336,50.636]]]},"properties":{"density":"Light"}},{"type":"Feature","geometry":{"type":"Polygon","coordinates":[[[-116.4694,49.6898],[-116.4969,49.6751],[-116.5171,49.6347],[-116.5153,49.5888],[-116.473,49.5686],[-116.3959,49.5557],[-116.3261,49.5576],[-116.2305,49.5649],[-116.1571,49.5631],[-116.0634,49.5594],[-116.0027,49.541],[-115.9201,49.5208],[-115.8594,49.5208],[-115.797,49.5263],[-115.7511,49.5465],[-115.7088,49.5833],[-115.7106,49.6549],[-115.7327,49.7064],[-115.7878,49.7578],[-115.8594,49.7946],[-115.9348,49.8313],[-115.9917,49.8497],[-116.0726,49.8607],[-116.1111,49.857],[-116.1718,49.8368],[-116.2305,49.8111],[-116.293,49.7799],[-116.3573,49.745],[-116.4198,49.71],[-116.4694,49.6898]]]},"properties":{"density":"Light"}},{"type":"Feature","geometry":{"type":"Polygon","coordinates":[[[-114.8427,48.6087],[-114.8905,48.5646],[-114.9052,48.526],[-114.8905,48.4764],[-114.8445,48.4452],[-114.7545,48.4342],[-114.6829,48.4342],[-114.569,48.4305],[-114.4845,48.4195],[-114.3853,48.4029],[-114.2842,48.3735],[-114.1887,48.3662],[-114.1079,48.3791],[-114.0178,48.4048],[-113.994,48.4819],[-113.9848,48.5499],[-114.0234,48.6271],[-114.1042,48.6895],[-114.2218,48.7373],[-114.3338,48.763],[-114.422,48.7704],[-114.5047,48.7685],[-114.5727,48.7538],[-114.648,48.7318],[-114.7123,48.7079],[-114.7637,48.6693],[-114.8097,48.6363],[-114.8427,48.6087]]]},"properties":{"density":"Light"}},{"type":"Feature","geometry":{"type":"Polygon","coordinates":[[[-121.0877,39.9368],[-121.1718,39.8411],[-121.1718,39.6055],[-121.1284,39.3946],[-121.1098,39.1218],[-121.1222,38.9482],[-121.1594,38.694],[-121.1718,38.5204],[-121.1943,38.3275],[-121.1392,38.1126],[-121.054,37.9996],[-120.9238,37.8818],[-120.713,37.8818],[-120.5734,37.9968],[-120.5403,38.1695],[-120.4907,38.4653],[-120.4815,38.6802],[-120.5084,38.88],[-120.5146,39.0226],[-120.5456,39.1466],[-120.5766,39.2706],[-120.6014,39.3946],[-120.6572,39.5621],[-120.7378,39.6985],[-120.775,39.7729],[-120.8618,39.8845],[-120.961,39.9465],[-121.0877,39.9368]]]},"properties":{"density":"Light"}},{"type":"Feature","geometry":{"type":"Polygon","coordinates":[[[-112.0753,39.6296],[-112.2241,39.5738],[-112.3419,39.4808],[-112.4163,39.363],[-112.4721,39.1956],[-112.5589,38.991],[-112.6209,38.7678],[-112.6209,38.5632],[-112.4659,38.4516],[-112.1931,38.3958],[-111.9203,38.4082],[-111.6971,38.433],[-111.3623,38.402],[-111.0585,38.3338],[-110.8601,38.2904],[-110.6183,38.2346],[-110.3454,38.1974],[-110.0912,38.185],[-109.9548,38.2532],[-109.8866,38.4516],[-109.7378,38.6004],[-109.4898,38.6314],[-109.2542,38.6314],[-108.9194,38.5694],[-108.8388,38.6066],[-108.8202,38.7616],[-108.907,38.9352],[-109.1364,39.1088],[-109.3162,39.1956],[-109.5332,39.27],[-109.713,39.332],[-109.9734,39.4188],[-110.147,39.4808],[-110.4013,39.611],[-110.5873,39.6606],[-110.8167,39.6606],[-111.1763,39.58],[-111.3375,39.549],[-111.5545,39.518],[-111.6599,39.5366],[-111.8459,39.5676],[-111.9575,39.6048],[-112.0753,39.6296]]]},"properties":{"density":"Light"}},{"type":"Feature","geometry":{"type":"Polygon","coordinates":[[[-107.2793,38.2222],[-107.3363,38.2148],[-107.3877,38.1909],[-107.4168,38.1517],[-107.4263,38.1046],[-107.4042,38.0605],[-107.3381,38.0311],[-107.2518,38.0072],[-107.1691,37.9944],[-107.0864,37.976],[-107.0166,37.9576],[-106.9413,37.9411],[-106.8457,37.9227],[-106.7888,37.9282],[-106.7557,37.965],[-106.7429,38.0219],[-106.7668,38.0715],[-106.8072,38.1248],[-106.8751,38.1597],[-106.9762,38.1946],[-107.0754,38.2185],[-107.1525,38.2277],[-107.2224,38.2258],[-107.2793,38.2222]]]},"properties":{"density":"Light"}},{"type":"Feature","geometry":{"type":"Polygon","coordinates":[[[-87.1991,32.9994],[-87.2322,32.9801],[-87.3066,32.9332],[-87.3589,32.8864],[-87.4333,32.8092],[-87.4443,32.7872],[-87.4581,32.7348],[-87.4416,32.6907],[-87.3947,32.6714],[-87.3479,32.6742],[-87.2487,32.71],[-87.1743,32.7403],[-87.1274,32.7679],[-87.0641,32.812],[-87.042,32.8753],[-87.042,32.9277],[-87.0668,32.9663],[-87.1026,32.9938],[-87.1605,33.0049],[-87.1991,32.9994]]]},"properties":{"density":"Light"}},{"type":"Feature","geometry":{"type":"Polygon","coordinates":[[[-86.4756,32.695],[-86.501,32.6641],[-86.5086,32.6191],[-86.4817,32.5897],[-86.4204,32.5725],[-86.2992,32.575],[-86.1841,32.5979],[-86.173,32.6393],[-86.1786,32.6889],[-86.2199,32.7219],[-86.2778,32.7412],[-86.3356,32.7467],[-86.4045,32.7412],[-86.4511,32.7183],[-86.4756,32.695]]]},"properties":{"density":"Light"}},{"type":"Feature","geometry":{"type":"Polygon","coordinates":[[[-84.6119,52.5067],[-84.6284,52.4985],[-84.6573,52.4613],[-84.6615,52.4075],[-84.6022,52.3731],[-84.5127,52.3621],[-84.4121,52.3565],[-84.2771,52.3662],[-84.1407,52.4034],[-84.0373,52.4199],[-83.8802,52.4654],[-83.7562,52.4902],[-83.562,52.5233],[-83.4008,52.5742],[-83.223,52.6349],[-83.0949,52.6707],[-83.0163,52.7217],[-82.9667,52.8043],[-82.9626,52.8994],[-83.0577,52.9821],[-83.223,52.9986],[-83.4173,52.9366],[-83.6074,52.887],[-83.8995,52.7726],[-84.0869,52.6927],[-84.368,52.6142],[-84.5127,52.5687],[-84.5623,52.5357],[-84.6119,52.5067]]]},"properties":{"density":"Light"}},{"type":"Feature","geometry":{"type":"Polygon","coordinates":[[[-82.2268,52.3414],[-82.2875,52.3221],[-82.304,52.2725],[-82.293,52.2284],[-82.2351,52.2036],[-82.18,52.2008],[-82.0725,52.2146],[-81.9733,52.2504],[-81.8906,52.2945],[-81.8438,52.3359],[-81.8438,52.3772],[-81.8934,52.4185],[-81.9568,52.4268],[-82.0284,52.4075],[-82.078,52.3882],[-82.1221,52.3689],[-82.1579,52.3552],[-82.2268,52.3414]]]},"properties":{"density":"Light"}},{"type":"Feature","geometry":{"type":"Polygon","coordinates":[[[-107.8458,20.3867],[-108.055,19.0265],[-108.0969,17.8128],[-107.6784,16.62],[-106.8832,15.2389],[-106.0043,14.3391],[-104.8952,13.4811],[-103.5141,13.0626],[-102.097,12.8398],[-100.6531,12.6828],[-98.5814,12.6201],[-96.7713,12.7822],[-94.888,13.0647],[-93.0047,13.3472],[-91.0743,13.3002],[-88.5317,12.9235],[-86.6484,12.4527],[-85.0005,12.0289],[-82.4109,11.6522],[-79.5859,11.6052],[-78.6913,11.7935],[-77.4671,12.076],[-76.1959,12.8293],[-75.4472,13.7845],[-75.0711,14.7545],[-74.7572,15.7904],[-74.0353,16.889],[-73.282,17.5795],[-72.853,18.1498],[-72.5908,18.635],[-72.535,19.2488],[-72.814,19.7371],[-73.2296,20.1743],[-74.0348,21.0641],[-74.5971,21.6854],[-75.3222,22.2251],[-75.7617,22.7168],[-76.222,23.24],[-76.4941,23.7004],[-76.808,24.4746],[-77.3311,25.7511],[-77.8124,26.7974],[-78.0845,27.76],[-78.2309,28.3669],[-78.2309,28.89],[-78.2309,29.2039],[-78.2519,29.5596],[-78.4193,30.0828],[-78.5658,30.8989],[-78.6495,31.4639],[-78.7332,31.9452],[-78.8587,32.6985],[-78.9634,33.6402],[-78.9634,34.4563],[-78.7122,35.2306],[-78.2937,36.235],[-77.6869,37.1767],[-77.1846,37.9719],[-76.2011,38.8298],[-75.3432,39.5622],[-74.255,40.3784],[-73.0622,41.0689],[-71.7439,41.5084],[-70.1954,41.7804],[-68.7515,41.8432],[-67.203,41.7176],[-65.4452,41.5397],[-63.8967,41.2259],[-62.5574,40.8492],[-60.8833,40.2842],[-58.9163,39.5936],[-56.8028,38.9449],[-54.3963,38.4322],[-52.4711,38.3695],[-50.9644,38.2648],[-50.0227,38.3067],[-48.9137,38.8403],[-47.3442,39.8447],[-46.005,40.8701],[-45.1261,42.0629],[-44.4355,43.2975],[-44.2681,44.7833],[-44.3727,45.997],[-44.6448,47.0642],[-45.2935,47.9012],[-46.1724,48.3407],[-47.0094,48.529],[-48.5161,48.257],[-50.0437,47.7757],[-51.4248,47.0014],[-52.8268,46.3527],[-54.6055,46.0598],[-55.6728,46.2062],[-56.6772,46.7503],[-57.577,47.5664],[-58.1839,48.6755],[-58.9372,49.816],[-60.695,51.9086],[-61.553,52.9339],[-62.4318,53.8337],[-63.813,55.0893],[-64.5244,55.6334],[-65.3405,56.1775],[-66.638,57.3075],[-68.1446,58.8141],[-69.0235,59.7349],[-69.8815,60.7812],[-70.9487,61.8065],[-72.0996,62.3297],[-73.5195,63.04],[-74.5379,63.6817],[-75.9244,64.0968],[-77.4311,64.4688],[-79.1695,64.8954],[-80.3693,65.3279],[-80.8715,65.2721],[-81.0389,64.9931],[-80.7928,64.7988],[-80.2019,64.2816],[-79.6857,63.333],[-79.6851,62.6523],[-79.5805,61.9408],[-79.162,60.9573],[-78.9527,60.4551],[-78.855,59.9249],[-78.8271,59.618],[-79.0155,59.1367],[-79.6014,58.9065],[-80.1664,58.6554],[-80.4803,58.0277],[-80.2083,57.1697],[-79.9362,56.2071],[-80.2083,55.6212],[-80.7733,55.1399],[-81.3801,55.0352],[-82.3218,55.0562],[-83.8354,55.2236],[-85.4118,55.4607],[-86.8209,55.949],[-88.8018,56.6047],[-91.2851,57.3441],[-95.7562,58.3415],[-98.142,58.8246],[-101.9503,59.7227],[-105.5184,60.4882],[-107.5273,61.2101],[-109.2744,61.6478],[-111.0113,62.3384],[-112.6123,62.9993],[-115.1234,64.2549],[-117.2579,65.6046],[-118.5762,66.609],[-120.5537,67.896],[-122.029,69.0574],[-124.5715,70.3129],[-125.785,70.939],[-127.8985,71.1901],[-129.8028,71.3156],[-131.3513,71.1901],[-132.4394,71.1901],[-133.8833,70.8971],[-134.6159,70.156],[-135.0552,69.3277],[-134.9612,68.4924],[-134.5739,67.1514],[-133.894,66.3893],[-133.1407,65.6674],[-131.5712,64.6629],[-130.5354,64.0038],[-128.9345,63.0307],[-127.3651,61.9007],[-124.8854,60.2685],[-123.724,59.0129],[-123.1904,57.8515],[-122.9079,57.0982],[-122.7823,55.2776],[-122.9079,54.3674],[-123.5356,53.3315],[-124.3668,52.5682],[-125.6433,52.3589],[-126.3548,52.1915],[-126.8988,51.9195],[-127.3592,50.7895],[-127.1918,49.513],[-126.7687,47.8698],[-126.7687,46.7712],[-126.8001,45.3901],[-126.6745,44.5112],[-126.2979,43.4754],[-125.4619,42.0625],[-124.4784,41.6649],[-123.3484,41.5184],[-122.5114,41.5184],[-121.4232,41.4556],[-120.6699,41.4556],[-119.8119,41.2882],[-119.3306,40.9115],[-118.8284,40.0536],[-118.5424,39.5165],[-118.0541,39.2375],[-117.1613,39.0561],[-116.4359,38.8887],[-115.278,38.6376],[-114.1061,38.3586],[-113.0738,37.9261],[-111.7485,37.0054],[-110.6882,36.0149],[-110.1162,35.0383],[-109.442,33.8076],[-109.1595,33.0857],[-108.5945,32.0812],[-108.2178,31.2651],[-107.8098,30.0723],[-107.3389,28.5029],[-107.2134,27.5926],[-106.9623,26.3684],[-106.8053,25.2698],[-106.6484,24.1084],[-106.8832,22.835],[-107.4063,21.7678],[-107.8458,20.3867]]]},"properties":{"density":"Light"}},{"type":"Feature","geometry":{"type":"Polygon","coordinates":[[[-121.0479,40.5499],[-121.2773,40.4941],[-121.4571,40.3515],[-121.5563,40.0973],[-121.6121,39.7376],[-121.6431,39.3594],[-121.6245,39.223],[-121.6245,38.9626],[-121.6307,38.7828],[-121.6307,38.5348],[-121.5687,38.2992],[-121.5315,38.107],[-121.4075,37.9582],[-121.2277,37.797],[-120.8743,37.6295],[-120.4154,37.5675],[-120.0992,37.6667],[-119.876,37.8528],[-119.783,38.1504],[-119.7892,38.417],[-119.7954,38.6774],[-119.8016,38.8758],[-119.8016,39.0618],[-119.8016,39.2478],[-119.7396,39.533],[-119.6838,39.8678],[-119.6962,40.1469],[-119.7954,40.3267],[-119.9194,40.4445],[-120.1426,40.5375],[-120.3782,40.5871],[-120.6634,40.5995],[-120.8123,40.5809],[-121.0479,40.5499]]]},"properties":{"density":"Light"}},{"type":"Feature","geometry":{"type":"Polygon","coordinates":[[[-115.1542,46.1806],[-115.2052,46.1626],[-115.3371,46.1416],[-115.4287,46.1506],[-115.5892,46.1881],[-115.6851,46.2001],[-115.7781,46.2121],[-115.8501,46.2136],[-115.8832,46.1971],[-115.8982,46.1626],[-115.8772,46.1296],[-115.8411,46.1206],[-115.7241,46.1146],[-115.6402,46.1041],[-115.566,46.0828],[-115.484,46.0588],[-115.4,46.0418],[-115.2756,46.0261],[-115.2456,46.0321],[-115.1662,46.0351],[-115.1107,46.0426],[-115.0387,46.0546],[-114.9847,46.0741],[-114.9591,46.0696],[-114.9066,46.0501],[-114.8275,46.027],[-114.7695,46.0197],[-114.7489,46.0297],[-114.748,46.0479],[-114.7732,46.0666],[-114.8362,46.0891],[-114.8752,46.1041],[-114.8902,46.1296],[-114.8796,46.1566],[-114.8616,46.1806],[-114.8556,46.2226],[-114.8752,46.2451],[-114.9052,46.2406],[-114.9501,46.2001],[-114.9921,46.1746],[-115.0387,46.1581],[-115.0627,46.1581],[-115.0957,46.1701],[-115.1242,46.1746],[-115.1346,46.1761],[-115.1542,46.1806]]]},"properties":{"density":"Medium"}},{"type":"Feature","geometry":{"type":"Polygon","coordinates":[[[-122.547,43.1744],[-122.567,43.1691],[-122.5836,43.1611],[-122.623,43.1451],[-122.635,43.1397],[-122.6743,43.1257],[-122.6963,43.1184],[-122.7276,43.1091],[-122.7683,43.0997],[-122.8056,43.0911],[-122.8436,43.0857],[-122.8863,43.0831],[-122.9143,43.0784],[-122.9443,43.0711],[-122.973,43.0517],[-122.9796,43.0371],[-122.973,43.0191],[-122.955,43.0051],[-122.919,43.0017],[-122.8743,42.9951],[-122.831,42.9944],[-122.7743,42.9824],[-122.7196,42.9804],[-122.6803,42.9857],[-122.635,43.0044],[-122.5723,43.0277],[-122.5476,43.0404],[-122.513,43.0631],[-122.4996,43.0737],[-122.4803,43.0997],[-122.4776,43.1137],[-122.4796,43.1377],[-122.4923,43.1544],[-122.5083,43.1724],[-122.5236,43.1791],[-122.5402,43.1765],[-122.547,43.1744]]]},"properties":{"density":"Medium"}},{"type":"Feature","geometry":{"type":"Polygon","coordinates":[[[-118.1062,45.7461],[-118.1568,45.7675],[-118.232,45.791],[-118.3005,45.7955],[-118.378,45.7809],[-118.4083,45.7663],[-118.4678,45.7349],[-118.5071,45.7046],[-118.5621,45.6563],[-118.7235,45.5213],[-118.7892,45.4985],[-118.8625,45.4505],[-118.9054,45.4025],[-118.913,45.3646],[-118.9054,45.3495],[-118.8726,45.3166],[-118.8347,45.3192],[-118.6982,45.347],[-118.5113,45.4253],[-118.4102,45.4859],[-118.2814,45.5432],[-118.2264,45.5679],[-118.1837,45.578],[-118.1298,45.5993],[-118.0849,45.6195],[-118.0726,45.6498],[-118.0613,45.6835],[-118.0602,45.7161],[-118.0737,45.7341],[-118.0894,45.7385],[-118.1062,45.7461]]]},"properties":{"density":"Medium"}},{"type":"Feature","geometry":{"type":"Polygon","coordinates":[[[-118.0123,45.9853],[-118.0636,45.9767],[-118.1171,45.9724],[-118.1663,45.9821],[-118.2027,45.9981],[-118.2295,46.0377],[-118.2134,46.0751],[-118.177,46.1008],[-118.146,46.1158],[-118.1064,46.1062],[-118.0647,46.0901],[-118.0219,46.0783],[-117.978,46.058],[-117.9631,46.0355],[-117.9609,46.0227],[-117.9652,46.0152],[-117.9855,45.997],[-118.0058,45.9871],[-118.0123,45.9853]]]},"properties":{"density":"Medium"}},{"type":"Feature","geometry":{"type":"Polygon","coordinates":[[[-116.813,42.3857],[-116.8239,42.3989],[-116.8361,42.4064],[-116.8507,42.4102],[-116.8719,42.4121],[-116.887,42.4064],[-116.9058,42.3947],[-116.9185,42.3833],[-116.9228,42.3716],[-116.9162,42.3579],[-116.9063,42.3509],[-116.8926,42.3363],[-116.8846,42.3264],[-116.8714,42.3202],[-116.855,42.3188],[-116.8347,42.3264],[-116.8201,42.3358],[-116.8102,42.3428],[-116.8036,42.348],[-116.8008,42.3546],[-116.8008,42.3683],[-116.8046,42.3786],[-116.8083,42.3805],[-116.813,42.3857]]]},"properties":{"density":"Medium"}},{"type":"Feature","geometry":{"type":"Polygon","coordinates":[[[-113.2763,47.8409],[-113.294,47.8592],[-113.3194,47.8875],[-113.3576,47.903],[-113.4049,47.9122],[-113.4586,47.9193],[-113.4869,47.9327],[-113.5165,47.944],[-113.537,47.9546],[-113.5646,47.9772],[-113.5667,47.9807],[-113.5653,47.9949],[-113.5405,47.9991],[-113.5116,47.9963],[-113.4819,47.9779],[-113.4431,47.9765],[-113.4042,47.9829],[-113.3767,47.9836],[-113.347,47.9786],[-113.3131,47.9673],[-113.2785,47.9355],[-113.2488,47.9087],[-113.2234,47.8847],[-113.2113,47.8606],[-113.2163,47.8465],[-113.2297,47.8402],[-113.2417,47.8387],[-113.265,47.8402],[-113.2763,47.8409]]]},"properties":{"density":"Medium"}},{"type":"Feature","geometry":{"type":"Polygon","coordinates":[[[-114.9504,48.5105],[-114.9255,48.5333],[-114.894,48.5614],[-114.8452,48.5896],[-114.7769,48.6157],[-114.7227,48.6287],[-114.6663,48.6233],[-114.6034,48.6113],[-114.5654,48.6037],[-114.5156,48.5788],[-114.495,48.5636],[-114.4906,48.5376],[-114.5025,48.5192],[-114.5329,48.4975],[-114.6001,48.4769],[-114.6479,48.4671],[-114.6934,48.4617],[-114.7747,48.4595],[-114.8131,48.4609],[-114.8973,48.4624],[-114.9287,48.4688],[-114.9458,48.4788],[-114.9572,48.4866],[-114.9587,48.4966],[-114.9594,48.5009],[-114.9504,48.5105]]]},"properties":{"density":"Medium"}},{"type":"Feature","geometry":{"type":"Polygon","coordinates":[[[-111.2915,39.4219],[-111.2562,39.4294],[-111.2198,39.4284],[-111.1963,39.423],[-111.1898,39.4005],[-111.2037,39.3888],[-111.2166,39.377],[-111.2241,39.3535],[-111.2305,39.3299],[-111.2465,39.3075],[-111.2562,39.2957],[-111.2776,39.2968],[-111.299,39.3182],[-111.3182,39.3556],[-111.3193,39.3834],[-111.3161,39.407],[-111.3097,39.4123],[-111.2915,39.4219]]]},"properties":{"density":"Medium"}},{"type":"Feature","geometry":{"type":"Polygon","coordinates":[[[-112.5136,38.6236],[-112.5273,38.6808],[-112.5581,38.7444],[-112.5697,38.8196],[-112.5464,38.8885],[-112.5284,38.9266],[-112.4744,38.9817],[-112.4564,39.0167],[-112.4426,39.0686],[-112.4436,39.1121],[-112.468,39.1502],[-112.4818,39.1831],[-112.468,39.2138],[-112.432,39.2477],[-112.3885,39.2774],[-112.343,39.2869],[-112.29,39.289],[-112.2476,39.2933],[-112.1925,39.2837],[-112.1438,39.2636],[-112.1141,39.2307],[-112.1077,39.2148],[-112.0961,39.1831],[-112.0707,39.1364],[-112.0187,39.1237],[-111.9615,39.1354],[-111.9181,39.1449],[-111.8386,39.1544],[-111.6712,39.1004],[-111.6224,39.0845],[-111.5927,39.058],[-111.5747,39.0464],[-111.5493,39.0156],[-111.5387,38.9849],[-111.5419,38.9521],[-111.5652,38.9362],[-111.6076,38.9224],[-111.7294,38.9107],[-111.775,38.9001],[-111.8471,38.8811],[-111.9435,38.8599],[-111.9848,38.8471],[-112.0357,38.8249],[-112.0812,38.7995],[-112.1883,38.7189],[-112.2529,38.684],[-112.2889,38.6511],[-112.3303,38.6151],[-112.3599,38.5939],[-112.3928,38.5897],[-112.4362,38.5865],[-112.468,38.5886],[-112.5009,38.5981],[-112.5083,38.6108],[-112.5136,38.6236]]]},"properties":{"density":"Medium"}},{"type":"Feature","geometry":{"type":"Polygon","coordinates":[[[-93.4381,33.8313],[-93.2879,34.0388],[-92.9946,34.2212],[-92.5297,34.4786],[-92.1506,34.6646],[-91.65,34.7862],[-91.2673,34.94],[-91.017,35.0294],[-90.7452,35.1045],[-90.4233,35.1832],[-90.1908,35.0401],[-90.1372,34.7862],[-90.2552,34.2426],[-90.5127,33.767],[-90.6629,33.6025],[-91.0348,33.5667],[-91.2923,33.5774],[-91.5033,33.5989],[-91.6929,33.7491],[-91.9861,33.9494],[-92.2365,34.0102],[-92.4653,33.9529],[-92.6227,33.8528],[-92.7872,33.6883],[-92.9303,33.5238],[-93.0805,33.3879],[-93.2664,33.3593],[-93.4309,33.4129],[-93.4738,33.5417],[-93.4917,33.6525],[-93.4917,33.7562],[-93.4381,33.8313]]]},"properties":{"density":"Medium"}},{"type":"Feature","geometry":{"type":"Polygon","coordinates":[[[-93.9417,31.1258],[-93.7646,31.0614],[-93.5125,30.879],[-93.2497,30.7556],[-92.8044,30.4767],[-92.4396,30.187],[-92.0641,30.0314],[-91.5009,29.79],[-90.7499,29.7096],[-90.3368,29.672],[-90.149,29.5326],[-89.9827,29.377],[-90.0364,29.1088],[-90.2992,28.803],[-90.6748,28.5294],[-91.1522,28.2666],[-91.6189,28.1485],[-92.1661,28.1324],[-92.9385,28.1164],[-93.5715,28.0573],[-93.7754,28.0573],[-94.0811,27.9876],[-94.4084,27.9662],[-94.7785,28.0627],[-94.9609,28.2612],[-94.9341,28.5616],[-94.8107,28.862],[-94.7839,29.157],[-94.7088,29.4199],[-94.6766,29.5701],[-94.6337,29.8008],[-94.5854,30.1709],[-94.5478,30.3748],[-94.4406,30.6269],[-94.2957,30.8361],[-94.226,30.9273],[-94.0776,31.0775],[-94.0463,31.0817],[-93.9417,31.1258]]]},"properties":{"density":"Medium"}},{"type":"Feature","geometry":{"type":"Polygon","coordinates":[[[-66.048,50.2237],[-65.36,49.934],[-64.5513,49.3426],[-63.4409,48.2442],[-62.3908,47.1338],[-60.9665,46.0958],[-60.1337,45.7578],[-58.975,45.3112],[-57.6594,45.3354],[-57.249,45.2388],[-56.7662,45.1061],[-56.223,44.8647],[-55.7644,44.7681],[-55.2816,44.4784],[-55.2816,44.2129],[-55.8127,43.8628],[-56.4886,43.549],[-57.3576,43.1507],[-58.2991,42.9093],[-59.0233,42.8973],[-60.2182,42.8731],[-61.2441,42.9938],[-62.1373,43.199],[-63.0788,43.5732],[-63.9719,43.7904],[-64.9737,44.0922],[-65.8548,44.2732],[-67.0377,44.6715],[-68.3895,44.9129],[-69.4517,45.3475],[-70.1638,45.6492],[-70.4535,46.0354],[-70.6587,46.6269],[-70.6345,47.3269],[-70.3328,47.9908],[-69.7776,48.6305],[-69.3672,48.9322],[-68.7516,49.2219],[-67.9671,49.5961],[-67.436,49.8375],[-66.7722,50.0789],[-66.5308,50.2478],[-66.048,50.2237]]]},"properties":{"density":"Medium"}},{"type":"Feature","geometry":{"type":"Polygon","coordinates":[[[-120.8819,39.0281],[-120.8269,39.1008],[-120.7581,39.1244],[-120.6854,39.0929],[-120.6392,38.9386],[-120.6068,38.8384],[-120.6185,38.7234],[-120.651,38.6556],[-120.6677,38.5839],[-120.6677,38.5229],[-120.65,38.4541],[-120.6402,38.3539],[-120.6402,38.2674],[-120.6402,38.177],[-120.6461,38.061],[-120.6795,37.9195],[-120.6932,37.8409],[-120.7208,37.8173],[-120.7581,37.835],[-120.8092,37.8763],[-120.8485,37.9293],[-120.8996,38.0374],[-120.9527,38.1691],[-121.0195,38.3047],[-121.0529,38.4364],[-121.0903,38.5308],[-121.0923,38.6409],[-121.0726,38.7568],[-121.0254,38.8767],[-120.9724,38.9475],[-120.9114,39.0084],[-120.8819,39.0281]]]},"properties":{"density":"Medium"}},{"type":"Feature","geometry":{"type":"Polygon","coordinates":[[[-118.6612,63.7103],[-118.6477,63.6608],[-118.6184,63.5933],[-118.6027,63.5056],[-118.5959,63.4178],[-118.5914,63.3616],[-118.5959,63.2603],[-118.5959,63.2288],[-118.6207,63.1726],[-118.6612,63.1546],[-118.6814,63.1771],[-118.7017,63.2311],[-118.7152,63.3188],[-118.7309,63.4448],[-118.7444,63.5191],[-118.7444,63.6091],[-118.7557,63.7058],[-118.7399,63.7486],[-118.7219,63.7508],[-118.7107,63.7463],[-118.6729,63.7256],[-118.6612,63.7103]]]},"properties":{"density":"Medium"}},{"type":"Feature","geometry":{"type":"Polygon","coordinates":[[[-83.3976,51.3959],[-83.4665,51.3766],[-83.5437,51.3353],[-83.5575,51.2884],[-83.5239,51.2691],[-83.4394,51.2783],[-83.2764,51.3105],[-83.1606,51.3408],[-82.9843,51.3628],[-82.8713,51.3711],[-82.7611,51.3738],[-82.5957,51.3876],[-82.5048,51.4179],[-82.4304,51.4565],[-82.3389,51.5355],[-82.3367,51.5915],[-82.3683,51.6255],[-82.4822,51.6163],[-82.6108,51.587],[-82.7197,51.5557],[-82.7941,51.5254],[-82.8768,51.4841],[-82.9347,51.4758],[-83.0587,51.4648],[-83.1827,51.4538],[-83.2869,51.4345],[-83.3508,51.4124],[-83.3976,51.3959]]]},"properties":{"density":"Medium"}},{"type":"Feature","geometry":{"type":"Polygon","coordinates":[[[-82.2342,52.3206],[-82.253,52.3042],[-82.2669,52.2838],[-82.2538,52.27],[-82.2146,52.2732],[-82.1812,52.2846],[-82.1305,52.2977],[-82.0887,52.308],[-82.0529,52.319],[-82.0115,52.3273],[-81.9812,52.3466],[-81.9702,52.3769],[-81.9922,52.3934],[-82.0198,52.4045],[-82.0556,52.3907],[-82.0922,52.3802],[-82.1403,52.3622],[-82.1879,52.3438],[-82.2154,52.3328],[-82.2154,52.3328],[-82.2342,52.3206]]]},"properties":{"density":"Medium"}},{"type":"Feature","geometry":{"type":"Polygon","coordinates":[[[-120.9073,39.0731],[-120.9817,38.9904],[-121.0396,38.8967],[-121.0864,38.8168],[-121.1305,38.7369],[-121.1443,38.6459],[-121.1443,38.5688],[-121.1222,38.4641],[-121.0781,38.3979],[-121.0065,38.2987],[-120.9624,38.1857],[-120.9541,38.092],[-120.9376,38.0121],[-120.9073,37.9377],[-120.8384,37.8468],[-120.7695,37.8165],[-120.6758,37.822],[-120.6069,37.8716],[-120.5876,37.9763],[-120.6179,38.1031],[-120.6427,38.1802],[-120.64,38.3097],[-120.6345,38.4034],[-120.6152,38.4806],[-120.6152,38.6018],[-120.6097,38.6873],[-120.6069,38.8333],[-120.6069,38.9077],[-120.6097,38.9876],[-120.6234,39.0483],[-120.6731,39.1227],[-120.7419,39.1557],[-120.7888,39.1557],[-120.8356,39.1227],[-120.9073,39.0731]]]},"properties":{"density":"Medium"}},{"type":"Feature","geometry":{"type":"Polygon","coordinates":[[[-123.679,52.0654],[-123.5057,52.2604],[-123.1482,52.45],[-122.6445,52.58],[-122.2436,52.5908],[-121.6207,52.6395],[-121.117,52.5962],[-120.7649,52.477],[-120.1583,52.3254],[-119.7846,52.1087],[-119.465,51.9029],[-119.1563,51.7242],[-118.4955,51.1843],[-118.2138,50.8846],[-117.878,50.5705],[-117.6035,50.296],[-117.3905,50.1335],[-117.1883,49.953],[-116.7094,49.563],[-116.3743,49.3644],[-116.1601,49.1959],[-115.9338,49.0948],[-115.5775,49.0418],[-115.4018,49.0274],[-115.1707,48.9648],[-115.031,48.9239],[-114.9372,48.8372],[-114.9107,48.7626],[-114.9636,48.6374],[-114.9973,48.5267],[-115.0888,48.452],[-115.1142,48.3219],[-115.0902,48.1654],[-115.0589,48.0619],[-114.965,47.9728],[-114.8759,47.9006],[-114.705,47.8765],[-114.5317,47.8091],[-114.4089,47.7441],[-114.3367,47.7008],[-114.2187,47.6165],[-114.1369,47.5347],[-113.9948,47.3999],[-113.8027,47.3453],[-113.5969,47.3398],[-113.3206,47.2803],[-113.1094,47.1178],[-112.974,46.9174],[-112.7952,46.6628],[-112.6869,46.4407],[-112.5461,46.1807],[-112.4378,46.0399],[-112.1453,45.6878],[-111.9665,45.4658],[-111.7607,45.3737],[-111.5043,45.1679],[-111.3093,45.0487],[-111.0331,44.9133],[-110.6702,44.675],[-110.486,44.4962],[-110.3777,44.3446],[-110.356,44.0954],[-110.4037,43.9672],[-110.5456,43.9112],[-110.9085,44.025],[-111.4014,44.2416],[-111.851,44.5287],[-112.3764,44.805],[-112.8151,45.0162],[-113.2213,45.1787],[-113.4944,45.3677],[-113.829,45.6421],[-114.0987,45.7528],[-114.3859,45.8341],[-114.7759,45.9099],[-115.2471,45.9803],[-115.3933,46.0182],[-115.5775,46.0182],[-115.7671,45.9641],[-116.0054,45.8232],[-116.1065,45.6301],[-116.0469,45.4405],[-115.7869,45.2672],[-115.3157,45.018],[-115.0015,44.8772],[-114.6874,44.6984],[-114.4545,44.4872],[-114.2487,44.3247],[-114.0483,44.0647],[-113.7666,43.8372],[-113.4795,43.4906],[-113.187,43.2252],[-112.8891,43.0735],[-112.5479,42.9489],[-112.2608,42.8189],[-111.8817,42.7377],[-111.6325,42.5968],[-111.5838,42.4723],[-111.6813,42.3856],[-111.8708,42.3694],[-112.1633,42.4506],[-112.862,42.5589],[-113.2304,42.5806],[-113.7774,42.6023],[-114.2649,42.4777],[-114.7741,42.5752],[-115.1911,42.6239],[-115.7436,42.7106],[-116.3665,42.8947],[-117.1049,43.1457],[-117.3035,43.301],[-117.3902,43.4743],[-117.4733,43.709],[-117.6574,43.9185],[-117.8416,44.0701],[-118.0907,44.1676],[-118.3616,44.2543],[-118.6396,44.2615],[-118.896,44.2037],[-119.1957,44.0304],[-119.4774,43.8101],[-119.6543,43.6729],[-119.8718,43.4869],[-120.1887,43.4788],[-120.9118,43.5601],[-121.318,43.7226],[-121.6024,43.8201],[-122.0411,43.8363],[-122.293,43.6657],[-122.3824,43.4707],[-122.423,43.2757],[-122.4961,43.0888],[-122.618,42.9101],[-122.8374,42.6907],[-123.2192,42.4226],[-124.186,42.3048],[-124.7101,41.8661],[-125.4291,41.147],[-125.9288,40.4524],[-126.2822,39.5384],[-126.4163,39.1362],[-126.9403,38.0759],[-127.2328,37.7956],[-127.8909,37.3203],[-128.619,37.2106],[-129.0848,37.449],[-129.0974,38.0759],[-128.8415,38.8681],[-127.8665,40.7936],[-127.4887,41.3908],[-126.7801,42.7639],[-126.2019,43.5926],[-125.8173,44.7842],[-125.7144,45.3746],[-125.5564,45.7889],[-125.6169,46.4579],[-125.904,47.0104],[-126.0935,47.3299],[-126.3228,47.6206],[-126.5142,48.0756],[-126.6442,48.6172],[-126.6984,49.0397],[-126.7237,49.2455],[-126.6659,49.5272],[-126.4501,49.6292],[-126.2985,49.6888],[-126.0385,49.6888],[-125.7731,49.6996],[-125.5456,49.7213],[-125.3343,49.7809],[-125.3181,49.9867],[-125.421,50.1492],[-125.551,50.1871],[-125.8313,50.2936],[-125.9721,50.5247],[-125.9793,50.7594],[-125.8132,51.0664],[-125.5171,51.2758],[-125.0874,51.4058],[-124.6288,51.6333],[-123.9211,51.8969],[-123.7658,52.0305],[-123.679,52.0654]]]},"properties":{"density":"Medium"}},{"type":"Feature","geometry":{"type":"Polygon","coordinates":[[[-122.9887,52.4191],[-123.2956,52.2657],[-123.6583,52.0703],[-123.9095,51.9727],[-124.1745,51.8471],[-124.328,51.7216],[-124.4256,51.5821],[-124.4675,51.3031],[-124.4396,51.038],[-124.2861,50.8845],[-123.9792,50.6334],[-123.6304,50.5218],[-123.4212,50.4381],[-123.4212,50.2428],[-123.6025,50.1591],[-123.9095,50.1731],[-124.1466,50.2428],[-124.3838,50.2289],[-124.6488,50.2986],[-125.0116,50.3265],[-125.3882,50.2428],[-125.8207,50.1312],[-126.2532,49.8661],[-126.574,49.6011],[-126.6159,49.2663],[-126.5601,48.9315],[-126.5182,48.5827],[-126.3369,47.9828],[-126.2113,47.7317],[-126.016,47.2713],[-125.8486,46.8528],[-125.7509,46.3506],[-125.6393,45.8065],[-125.6254,45.5833],[-125.6114,44.9834],[-125.6254,44.551],[-125.6812,43.9929],[-125.7788,43.4768],[-125.6951,43.1978],[-125.5417,42.9885],[-125.3603,42.7932],[-125.2069,42.6816],[-124.8721,42.5142],[-124.593,42.4026],[-124.2582,42.3607],[-123.9095,42.3468],[-123.4491,42.3468],[-122.5563,42.556],[-122.2912,42.835],[-122.2633,43.0164],[-122.2772,43.2396],[-122.3749,43.5605],[-122.4307,43.8255],[-122.4307,44.0487],[-122.4307,44.4254],[-122.2912,44.7881],[-122.1098,44.9695],[-121.9424,44.9276],[-121.8727,44.8021],[-121.8727,44.6068],[-121.8727,44.3278],[-121.6495,43.979],[-121.3426,43.7139],[-120.9101,43.4907],[-120.6311,43.4489],[-120.1986,43.4349],[-119.8359,43.4907],[-119.1244,43.7],[-118.7896,43.8395],[-118.5524,43.8255],[-118.1758,43.4489],[-117.827,42.9606],[-117.4922,42.3886],[-117.0179,42.0678],[-116.4598,41.9004],[-115.9018,41.8446],[-115.3159,41.9283],[-114.7997,41.9562],[-114.3533,42.0399],[-113.8929,42.2073],[-113.5302,42.3468],[-112.9861,42.3886],[-112.5676,42.3747],[-112.2189,42.1933],[-112.2189,42.0259],[-112.3723,41.7609],[-112.749,41.719],[-112.9164,41.5237],[-113.0001,41.3144],[-112.9722,41.0633],[-112.5955,40.6867],[-112.177,40.5332],[-111.4655,40.4634],[-110.8936,40.589],[-110.196,40.6588],[-109.5683,40.5611],[-109.0381,40.4076],[-108.6196,40.2542],[-108.3825,40.1286],[-107.9639,40.0589],[-107.5036,39.9891],[-107.3222,40.0449],[-107.2106,40.296],[-107.2106,40.4216],[-107.4617,40.6867],[-108.229,40.9936],[-108.7312,41.2028],[-109.3311,41.4539],[-110.2797,41.9422],[-110.7959,42.277],[-111.2005,42.57],[-111.3539,42.7374],[-111.9538,42.9467],[-112.3026,43.0443],[-112.735,43.2257],[-113.1675,43.5605],[-113.4605,43.8395],[-114.0185,44.2999],[-114.2836,44.4673],[-114.6881,44.6486],[-115.4833,44.9137],[-116.1808,45.0671],[-116.8923,45.2206],[-117.7154,45.402],[-117.9805,45.5694],[-118.0781,45.8205],[-117.9107,46.1274],[-117.6177,46.239],[-117.0458,46.2111],[-116.4598,46.0576],[-116.0134,45.946],[-115.553,45.8344],[-114.9811,45.681],[-114.3114,45.4438],[-113.8371,45.3183],[-113.5163,45.1369],[-113.014,44.816],[-112.2328,44.2162],[-111.6887,44.0208],[-111.1028,43.8116],[-110.3913,43.6581],[-110.1263,43.6581],[-109.8891,43.7697],[-109.7775,43.9092],[-109.7217,44.1883],[-109.9449,44.4673],[-110.2937,44.8439],[-110.9075,45.402],[-111.1028,45.9321],[-111.2005,46.3087],[-111.4516,46.6994],[-111.605,46.8528],[-111.9538,46.9784],[-112.456,47.1876],[-112.9303,47.3411],[-113.307,47.4666],[-113.4884,47.5922],[-113.5721,47.7038],[-113.586,47.8573],[-113.5581,48.1084],[-113.5442,48.3734],[-113.865,48.8059],[-114.2557,49.1965],[-114.7439,49.3081],[-115.3717,49.2942],[-115.846,49.2105],[-116.2645,49.3221],[-116.7109,49.629],[-117.3108,50.0754],[-117.8688,50.4521],[-118.3153,50.8985],[-118.6361,51.2194],[-118.957,51.5263],[-119.5987,51.8332],[-120.2265,52.0424],[-120.6729,52.2377],[-121.1193,52.5865],[-121.3565,52.6981],[-121.8587,52.8376],[-122.347,52.7679],[-122.7237,52.6144],[-122.9887,52.4191]]]},"properties":{"density":"Medium"}},{"type":"Feature","geometry":{"type":"Polygon","coordinates":[[[-109.543,46.6555],[-109.9719,46.4334],[-110.1603,45.8684],[-109.8307,45.0209],[-109.5953,44.7384],[-108.8419,44.1734],[-108.1357,43.3259],[-107.4765,42.5255],[-105.8757,41.7251],[-105.1224,40.7364],[-104.5103,39.5593],[-104.2749,38.7589],[-104.369,37.723],[-104.4161,36.8755],[-104.4161,35.9809],[-104.4161,35.2747],[-104.5103,34.5214],[-104.8869,33.8622],[-105.499,33.3443],[-107.0441,32.7659],[-108.0799,32.5148],[-108.7704,31.9498],[-108.9902,31.0081],[-108.358,30.4187],[-107.759,29.8601],[-107.1068,29.0934],[-106.6988,28.497],[-106.064,27.8355],[-104.5103,27.1293],[-101.9277,26.4254],[-99.1027,25.829],[-96.2777,25.829],[-92.9819,25.9545],[-90.4708,26.4881],[-89.067,27.3647],[-88.6432,28.2593],[-88.3363,29.3759],[-88.9955,30.4431],[-89.6233,31.2592],[-89.8116,32.3265],[-89.2152,34.9317],[-88.2421,36.8151],[-87.6144,37.8509],[-85.3945,39.6534],[-83.9994,41.4449],[-82.1998,43.0144],[-80.6513,44.6257],[-79.0609,45.7138],[-77.7426,47.2623],[-77.4496,48.6853],[-77.8891,49.6479],[-78.3076,50.0873],[-79.1865,50.5895],[-79.7933,50.8616],[-80.2955,50.6733],[-81.3696,50.2107],[-83.0368,49.5851],[-83.8849,49.367],[-84.5435,49.2503],[-85.3177,49.5223],[-86.5716,49.5409],[-87.6074,48.8347],[-88.9589,47.7436],[-90.9503,46.6688],[-93.4457,45.0209],[-95.6551,43.8723],[-97.392,43.2864],[-98.0337,43.4608],[-97.964,43.977],[-97.6011,44.7627],[-97.2385,45.6929],[-97.2595,46.8101],[-97.2595,47.7988],[-97.392,49.1387],[-98.107,50.3884],[-99.0015,51.8009],[-100.2728,53.1193],[-101.3557,54.0609],[-103.4326,55.6536],[-105.0753,56.7447],[-106.629,57.8276],[-108.7949,58.9576],[-111.4315,59.5226],[-112.9853,59.758],[-114.3699,59.7132],[-115.472,59.3226],[-116.6107,58.4397],[-117.2699,57.5451],[-117.7878,56.368],[-117.929,54.8613],[-117.9133,53.1146],[-116.8932,51.3301],[-116.3282,50.5768],[-115.0099,49.2584],[-113.3096,48.3575],[-112.2215,47.925],[-111.2728,47.7576],[-110.3149,47.6227],[-109.4128,47.3995],[-109.1244,47.2338],[-109.0128,46.8694],[-109.543,46.6555]]]},"properties":{"density":"Medium"}},{"type":"Feature","geometry":{"type":"Polygon","coordinates":[[[-63.9488,43.9231],[-63.4466,43.5778],[-61.8144,42.8558],[-60.3077,42.2908],[-58.8324,41.8514],[-56.9805,41.4119],[-55.6622,41.255],[-54.3752,41.0981],[-53.2138,41.0353],[-51.8327,41.0039],[-50.8597,41.3806],[-49.8239,42.1339],[-49.5414,42.95],[-49.6669,44.0172],[-49.9808,44.6136],[-50.483,45.21],[-51.205,45.5553],[-52.3663,45.618],[-53.2766,45.5867],[-54.6891,45.4297],[-56.133,45.21],[-57.3572,45.4297],[-58.7383,45.8064],[-60.8727,46.6225],[-62.191,47.6269],[-63.6663,48.7569],[-64.5766,49.3219],[-65.4869,49.9497],[-66.4599,50.4205],[-67.5585,50.8286],[-68.4374,51.0169],[-69.536,50.7972],[-70.4777,50.5147],[-71.4821,49.9811],[-72.1099,49.2278],[-72.5494,48.443],[-72.8319,47.878],[-73.2085,47.0933],[-72.9888,46.34],[-72.6121,45.8692],[-71.1682,45.2414],[-70.1638,45.21],[-68.1235,45.2414],[-66.3658,44.9275],[-65.3299,44.7392],[-64.6394,44.3311],[-63.9488,43.9231]]]},"properties":{"density":"Medium"}},{"type":"Feature","geometry":{"type":"Polygon","coordinates":[[[-111.2748,39.4641],[-111.314,39.4535],[-111.3369,39.4225],[-111.3369,39.3882],[-111.3116,39.358],[-111.2536,39.3482],[-111.1713,39.3556],[-111.0803,39.3639],[-110.9811,39.3722],[-110.9177,39.3777],[-110.8571,39.4108],[-110.8599,39.4521],[-110.9315,39.4714],[-111.0142,39.4741],[-111.0968,39.4796],[-111.174,39.4796],[-111.2275,39.4707],[-111.2748,39.4641]]]},"properties":{"density":"Medium"}},{"type":"Feature","geometry":{"type":"Polygon","coordinates":[[[-112.8317,39.4941],[-112.8772,39.4473],[-112.9296,39.3646],[-112.9378,39.3288],[-112.9213,39.2268],[-112.8717,39.1717],[-112.8193,39.1304],[-112.7201,39.0946],[-112.6292,39.0835],[-112.4694,39.0643],[-112.417,39.0312],[-112.3922,39.0009],[-112.3867,38.9099],[-112.417,38.8796],[-112.5245,38.7914],[-112.5631,38.7391],[-112.5603,38.7005],[-112.5355,38.6647],[-112.4611,38.6178],[-112.3454,38.6041],[-112.169,38.6206],[-112.0464,38.6716],[-111.8907,38.7143],[-111.7405,38.7666],[-111.5628,38.797],[-111.4759,38.8121],[-111.4263,38.7956],[-111.3354,38.7377],[-111.1618,38.684],[-110.9634,38.684],[-110.7774,38.7501],[-110.612,38.7832],[-110.4343,38.7956],[-110.2731,38.7708],[-110.1202,38.7377],[-109.9879,38.7253],[-109.8391,38.7212],[-109.6572,38.7088],[-109.4299,38.7377],[-109.1942,38.808],[-108.9214,38.8906],[-108.7561,38.994],[-108.7189,39.0767],[-108.723,39.1883],[-108.8057,39.3288],[-109.0165,39.3908],[-109.2728,39.4073],[-109.5249,39.4032],[-109.8804,39.4032],[-110.1822,39.4321],[-110.4343,39.4652],[-110.5459,39.4652],[-110.6658,39.4363],[-110.827,39.3495],[-110.9349,39.2911],[-111.0791,39.2131],[-111.261,39.1263],[-111.3892,39.118],[-111.5958,39.1841],[-111.7818,39.2544],[-111.9224,39.3205],[-112.1249,39.3867],[-112.3316,39.4611],[-112.6003,39.4983],[-112.7036,39.5107],[-112.778,39.4983],[-112.8317,39.4941]]]},"properties":{"density":"Medium"}},{"type":"Feature","geometry":{"type":"Polygon","coordinates":[[[-107.3107,38.1521],[-107.3548,38.1273],[-107.3659,38.0943],[-107.3631,38.0722],[-107.3135,38.0391],[-107.2667,38.0529],[-107.2198,38.0557],[-107.1895,38.0447],[-107.1509,38.0364],[-107.0986,38.0391],[-107.0655,38.0447],[-107.0324,38.0777],[-107.0379,38.1218],[-107.0848,38.1521],[-107.1289,38.1714],[-107.2005,38.1769],[-107.2612,38.1769],[-107.3107,38.1521]]]},"properties":{"density":"Medium"}},{"type":"Feature","geometry":{"type":"Polygon","coordinates":[[[-110.1748,38.0765],[-110.5158,37.9246],[-110.7808,37.7154],[-110.9483,37.5061],[-110.9762,37.1434],[-110.8087,36.8504],[-110.2926,36.6551],[-109.8461,36.3962],[-109.595,36.111],[-109.4555,35.7902],[-109.0928,35.3716],[-108.7363,35.2678],[-108.2403,35.4972],[-107.6574,35.7576],[-106.8576,36.142],[-106.4918,36.4334],[-106.3058,36.6939],[-106.2872,37.0535],[-106.4701,37.3945],[-106.8049,37.5479],[-107.0142,37.5758],[-107.2932,37.5619],[-107.7877,37.4193],[-108.1101,37.4689],[-108.5751,37.7231],[-108.8541,37.9029],[-109.3315,38.0951],[-109.7345,38.1478],[-109.8601,38.1478],[-110.1748,38.0765]]]},"properties":{"density":"Medium"}},{"type":"Feature","geometry":{"type":"Polygon","coordinates":[[[-117.2079,50.5661],[-117.2759,50.5496],[-117.285,50.5202],[-117.2391,50.478],[-117.1822,50.4614],[-117.1252,50.4486],[-117.0628,50.4486],[-117.0021,50.4431],[-116.9507,50.4486],[-116.9048,50.4651],[-116.8882,50.4853],[-116.8956,50.511],[-116.9268,50.5386],[-116.9929,50.5478],[-117.0554,50.5551],[-117.1179,50.5588],[-117.1546,50.5625],[-117.2079,50.5661]]]},"properties":{"density":"Medium"}},{"type":"Feature","geometry":{"type":"Polygon","coordinates":[[[-116.4161,49.6329],[-116.451,49.6164],[-116.4583,49.5943],[-116.44,49.5759],[-116.4014,49.5741],[-116.3463,49.5723],[-116.2967,49.5723],[-116.2526,49.5741],[-116.214,49.5925],[-116.2067,49.62],[-116.2177,49.6402],[-116.2342,49.6494],[-116.2857,49.666],[-116.3242,49.666],[-116.3646,49.6531],[-116.3757,49.6513],[-116.4161,49.6329]]]},"properties":{"density":"Medium"}},{"type":"Feature","geometry":{"type":"Polygon","coordinates":[[[-116.2195,49.778],[-116.2526,49.7523],[-116.2526,49.7119],[-116.2269,49.677],[-116.1883,49.6568],[-116.1534,49.6513],[-116.1001,49.6274],[-116.0487,49.62],[-115.9917,49.6017],[-115.955,49.5833],[-115.8999,49.5686],[-115.8686,49.5796],[-115.8613,49.6164],[-115.887,49.6494],[-115.9348,49.6843],[-116.0156,49.7431],[-116.0634,49.7652],[-116.1148,49.7854],[-116.1479,49.7982],[-116.1956,49.7946],[-116.2195,49.778]]]},"properties":{"density":"Medium"}},{"type":"Feature","geometry":{"type":"Polygon","coordinates":[[[-114.8923,48.5499],[-114.9033,48.5279],[-114.8886,48.4874],[-114.8317,48.4819],[-114.7711,48.4819],[-114.6921,48.4709],[-114.591,48.4691],[-114.5065,48.4691],[-114.4441,48.4654],[-114.4128,48.4764],[-114.4036,48.526],[-114.4275,48.5609],[-114.4661,48.5775],[-114.5433,48.594],[-114.5892,48.5995],[-114.6553,48.6013],[-114.7178,48.6013],[-114.7876,48.5866],[-114.8537,48.5701],[-114.8923,48.5499]]]},"properties":{"density":"Medium"}},{"type":"Feature","geometry":{"type":"Polygon","coordinates":[[[-126.4772,49.6348],[-126.5702,49.2162],[-126.5284,48.7838],[-126.3191,48.2816],[-126.1098,47.8212],[-125.8169,47.4236],[-125.4263,47.3097],[-125.0845,47.4445],[-124.6869,47.8003],[-124.2544,48.0165],[-123.5848,48.0537],[-123.343,47.9421],[-123.4174,47.784],[-123.5755,47.7096],[-123.9289,47.4678],[-124.4125,47.2167],[-124.8124,46.7121],[-125.1682,46.2099],[-125.5239,45.624],[-125.796,44.9543],[-125.796,44.3475],[-125.7122,43.8453],[-125.5658,43.1966],[-125.2728,42.6944],[-124.7078,42.1503],[-124.2056,41.9829],[-123.3476,41.9201],[-122.6989,42.0247],[-122.3013,42.5479],[-122.0712,43.2803],[-122.0712,43.8243],[-122.0874,44.0917],[-121.9758,44.3242],[-121.82,44.3056],[-121.5271,43.9499],[-121.276,43.6779],[-120.8993,43.5942],[-120.2715,43.5523],[-119.8949,43.6569],[-119.5264,43.827],[-119.0787,44.0336],[-118.5347,44.194],[-118.0418,44.1382],[-117.9022,43.8778],[-118.0604,43.1245],[-118.1162,42.5107],[-117.8232,42.0875],[-117.0489,41.8782],[-115.9189,41.8155],[-115.3958,41.8155],[-114.6843,41.8782],[-113.659,41.941],[-112.7591,41.9201],[-112.2569,41.8155],[-111.5873,41.669],[-110.9456,41.7015],[-110.6038,41.941],[-110.6573,42.2317],[-111.671,42.9036],[-112.5917,43.4686],[-113.3241,44.1592],[-113.8891,44.6195],[-114.768,45.059],[-115.3539,45.2264],[-116.1701,45.2682],[-116.6932,45.3101],[-117.0071,45.4775],[-117.1326,45.7286],[-117.028,45.9797],[-116.8187,46.1471],[-116.463,46.1471],[-115.6051,45.9797],[-115.0191,45.7705],[-114.6006,45.6449],[-113.9101,45.3519],[-113.1497,44.9288],[-112.4662,44.5358],[-111.8384,44.1801],[-111.0432,43.9918],[-110.5201,43.9081],[-109.69,44.1103],[-109.5366,44.4103],[-109.6342,44.6684],[-110.1016,45.1008],[-110.5709,45.3535],[-110.806,45.5612],[-110.9744,45.9087],[-111.0432,46.3564],[-111.4408,47.0051],[-112.2988,47.1725],[-113.4009,47.3469],[-114.1821,47.4864],[-114.8424,47.9421],[-115.0563,48.3141],[-115.3539,48.5373],[-115.6795,48.6861],[-116.1445,49.0302],[-116.6095,49.4674],[-116.842,49.4674],[-117.0559,49.393],[-117.3163,49.4953],[-117.6046,49.7371],[-117.7441,50.1649],[-117.8929,50.6671],[-118.3673,51.2321],[-118.8044,51.625],[-119.4833,52.0157],[-120.5157,52.4249],[-121.548,52.7411],[-122.4222,52.862],[-123.1174,52.7178],[-123.7661,52.4667],[-124.0382,52.111],[-124.1847,51.6925],[-124.2265,51.253],[-124.2684,50.9182],[-124.6032,50.2486],[-125.0426,50.0184],[-125.6076,49.851],[-126.1936,49.8091],[-126.4772,49.6348]]]},"properties":{"density":"Medium"}},{"type":"Feature","geometry":{"type":"Polygon","coordinates":[[[-120.9915,39.239],[-121.0136,39.114],[-121.0205,39.035],[-121.0494,38.9069],[-121.0701,38.7788],[-121.0701,38.6796],[-121.0825,38.6093],[-121.1321,38.4977],[-121.1445,38.4026],[-121.1312,38.2873],[-121.0999,38.2157],[-121.0632,38.1055],[-121.0154,38.0595],[-120.9419,38.0136],[-120.8427,37.9916],[-120.727,38.0058],[-120.6732,38.0182],[-120.6112,38.0595],[-120.5837,38.1293],[-120.5965,38.2194],[-120.5988,38.353],[-120.5493,38.4439],[-120.5245,38.5473],[-120.5115,38.6809],[-120.5136,38.8088],[-120.5575,38.9896],[-120.5988,39.1218],[-120.6526,39.2128],[-120.6866,39.2739],[-120.716,39.3345],[-120.7876,39.3933],[-120.8574,39.4043],[-120.9236,39.3896],[-120.9791,39.3037],[-120.9915,39.239]]]},"properties":{"density":"Medium"}},{"type":"Feature","geometry":{"type":"Polygon","coordinates":[[[-111.3605,39.4659],[-111.3843,39.431],[-111.3862,39.3942],[-111.3678,39.3446],[-111.3292,39.3208],[-111.2815,39.3208],[-111.23,39.3152],[-111.1731,39.3171],[-111.118,39.3226],[-111.0518,39.3208],[-110.9802,39.3152],[-110.9232,39.3005],[-110.8516,39.2803],[-110.7799,39.2877],[-110.7505,39.3005],[-110.734,39.3189],[-110.7248,39.341],[-110.734,39.3795],[-110.7689,39.4457],[-110.8148,39.4714],[-110.8718,39.4934],[-110.96,39.5283],[-111.0279,39.5375],[-111.1069,39.5357],[-111.1676,39.5302],[-111.2429,39.5265],[-111.3182,39.4953],[-111.3605,39.4659]]]},"properties":{"density":"Medium"}},{"type":"Feature","geometry":{"type":"Polygon","coordinates":[[[-112.313,38.9993],[-112.3185,38.9249],[-112.3571,38.8725],[-112.3957,38.8394],[-112.4425,38.8229],[-112.5059,38.776],[-112.5307,38.6961],[-112.4949,38.6217],[-112.4343,38.6107],[-112.3433,38.6217],[-112.2634,38.6355],[-112.1587,38.641],[-112.065,38.652],[-111.9327,38.6989],[-111.8638,38.7127],[-111.7729,38.7264],[-111.6599,38.7264],[-111.5579,38.7154],[-111.445,38.6879],[-111.2879,38.6548],[-111.1391,38.608],[-110.982,38.5666],[-110.8249,38.5225],[-110.6568,38.495],[-110.5108,38.495],[-110.4391,38.5336],[-110.384,38.6493],[-110.4391,38.7953],[-110.5301,38.8973],[-110.6431,38.9745],[-110.723,39.0296],[-110.8194,39.0874],[-110.9572,39.1398],[-111.1226,39.1729],[-111.2162,39.1977],[-111.3843,39.2197],[-111.478,39.228],[-111.569,39.261],[-111.693,39.2996],[-111.8225,39.3437],[-111.9575,39.3658],[-112.0926,39.3575],[-112.2634,39.3299],[-112.3323,39.2803],[-112.3488,39.2335],[-112.3516,39.1674],[-112.3075,39.0433],[-112.313,38.9993]]]},"properties":{"density":"Medium"}},{"type":"Feature","geometry":{"type":"Polygon","coordinates":[[[-107.3509,38.1597],[-107.3712,38.1248],[-107.3712,38.0991],[-107.3509,38.0697],[-107.2903,38.044],[-107.226,38.0274],[-107.1525,38.0182],[-107.0938,38.0182],[-107.0258,38.0164],[-106.9927,38.0348],[-106.9946,38.0697],[-107.0074,38.1046],[-107.0662,38.145],[-107.1415,38.1652],[-107.2095,38.1817],[-107.2683,38.1836],[-107.3271,38.1726],[-107.3509,38.1597]]]},"properties":{"density":"Medium"}},{"type":"Feature","geometry":{"type":"Polygon","coordinates":[[[-115.2205,56.9428],[-115.6286,56.1267],[-116.068,54.7142],[-115.8169,53.6156],[-115.346,52.4542],[-114.7497,51.2509],[-113.4941,49.9535],[-112.5838,49.4094],[-111.5794,48.6875],[-110.3238,47.9028],[-108.9741,47.0239],[-107.6139,46.1031],[-106.9861,45.6218],[-106.6513,45.1196],[-106.7146,44.4609],[-106.9024,43.6339],[-106.6932,42.9014],[-106.0026,41.9389],[-104.8935,41.0809],[-103.2613,40.2752],[-101.1268,39.8044],[-98.8982,39.8986],[-97.3915,40.0555],[-96.1674,40.5891],[-95.6965,41.2797],[-95.7333,42.2719],[-96.272,42.9851],[-97.2137,43.4455],[-98.7203,43.8431],[-100.2061,44.6174],[-101.0222,45.3289],[-101.085,46.0822],[-100.8668,46.7018],[-100.2689,47.4842],[-100.2479,49.1374],[-100.9804,51.1044],[-102.0685,53.0296],[-103.4078,54.8083],[-105.3957,56.2104],[-107.6976,57.3613],[-110.5435,58.1042],[-112.1444,58.3553],[-113.5569,58.1042],[-115.2205,56.9428]]]},"properties":{"density":"Medium"}},{"type":"Feature","geometry":{"type":"Polygon","coordinates":[[[-97.3811,32.5012],[-97.6059,31.3257],[-97.9128,30.9909],[-98.6941,30.7817],[-99.4583,30.7367],[-100.4441,30.7243],[-101.9012,30.6561],[-103.5319,30.4391],[-104.4371,30.2407],[-104.9579,29.9586],[-105.0695,29.5121],[-104.7905,29.0378],[-103.4931,28.424],[-101.3866,27.9078],[-99.7822,27.6428],[-98.4988,27.3777],[-97.5083,27.2521],[-96.7549,27.1126],[-95.4575,26.9034],[-94.0625,26.722],[-92.2961,26.5792],[-91.0824,26.5792],[-89.6803,26.914],[-88.4771,27.4685],[-87.6505,28.0858],[-87.3366,28.8392],[-87.1901,29.5402],[-87.2843,30.2935],[-87.7865,31.2038],[-88.069,31.8944],[-88.3515,32.3652],[-88.5712,33.0558],[-88.5712,34.0602],[-88.2992,35.0961],[-88.0376,36.0377],[-87.2529,37.0736],[-87.0018,37.4816],[-85.7462,39.4277],[-85.4323,40.3066],[-85.7148,41.3738],[-86.7193,41.9389],[-87.3785,42.19],[-88.0481,42.2527],[-89.0316,42.2527],[-90.0151,42.0016],[-91.8043,41.1855],[-93.0599,40.2752],[-94.8176,38.7058],[-95.571,37.513],[-96.1464,36.5399],[-96.6696,35.2425],[-97.0044,34.0079],[-97.3811,32.5012]]]},"properties":{"density":"Medium"}},{"type":"Feature","geometry":{"type":"Polygon","coordinates":[[[-60.6664,42.1429],[-58.7622,41.7034],[-57.3811,41.4732],[-56.1046,41.1594],[-54.7862,40.8873],[-53.0494,40.6362],[-51.8566,40.5525],[-50.4546,40.7618],[-49.6384,41.1803],[-48.906,41.9336],[-48.8433,42.8544],[-48.8223,43.4821],[-49.3036,44.2564],[-50.4546,44.8005],[-52.0868,44.8005],[-53.426,44.5912],[-54.9118,44.5912],[-56.5022,44.947],[-58.0507,45.5329],[-59.5783,46.3072],[-60.499,46.8094],[-61.4825,47.2697],[-63.6798,48.1696],[-64.5796,48.3579],[-66.714,48.3579],[-68.1161,47.9603],[-68.6183,47.4162],[-68.8485,46.4746],[-68.3463,45.512],[-67.6348,44.8214],[-66.1909,44.0053],[-65.04,43.3984],[-63.9309,43.0636],[-62.6963,42.687],[-61.5872,42.3731],[-60.6664,42.1429]]]},"properties":{"density":"Medium"}},{"type":"Feature","geometry":{"type":"Polygon","coordinates":[[[-87.3148,32.8285],[-87.3286,32.8285],[-87.4002,32.7954],[-87.4526,32.7431],[-87.4554,32.721],[-87.4195,32.6935],[-87.3506,32.699],[-87.3038,32.7293],[-87.2707,32.7569],[-87.257,32.7899],[-87.2735,32.812],[-87.2845,32.8202],[-87.3148,32.8285]]]},"properties":{"density":"Medium"}},{"type":"Feature","geometry":{"type":"Polygon","coordinates":[[[-114.9201,39.2385],[-114.9394,39.2358],[-114.978,39.2082],[-114.9997,39.1727],[-114.9917,39.1256],[-114.9679,39.0968],[-114.9368,39.0829],[-114.9008,39.076],[-114.8567,39.0787],[-114.8176,39.0894],[-114.7851,39.109],[-114.7575,39.1421],[-114.774,39.1972],[-114.8071,39.2248],[-114.8705,39.2413],[-114.9201,39.2385]]]},"properties":{"density":"Medium"}},{"type":"Feature","geometry":{"type":"Polygon","coordinates":[[[-118.9516,34.97],[-118.9608,34.9608],[-118.9773,34.9167],[-118.9884,34.8744],[-119.0196,34.8505],[-119.0472,34.8414],[-119.0839,34.8046],[-119.0876,34.7715],[-119.06,34.744],[-119.0141,34.7072],[-118.9535,34.6779],[-118.8781,34.654],[-118.8322,34.6503],[-118.801,34.6595],[-118.7698,34.6925],[-118.7514,34.7348],[-118.7532,34.7697],[-118.7569,34.8101],[-118.7808,34.8377],[-118.8138,34.8726],[-118.8396,34.913],[-118.8671,34.9387],[-118.8855,34.9589],[-118.9075,34.9718],[-118.9204,34.9773],[-118.9516,34.97]]]},"properties":{"density":"Medium"}},{"type":"Feature","geometry":{"type":"Polygon","coordinates":[[[-78.4927,21.5624],[-78.5258,21.5312],[-78.535,21.5073],[-78.535,21.4613],[-78.524,21.4264],[-78.4909,21.3842],[-78.4119,21.364],[-78.3329,21.3585],[-78.2245,21.3695],[-78.1216,21.3971],[-78.0628,21.4136],[-77.9894,21.4503],[-77.9085,21.4852],[-77.8626,21.5054],[-77.8332,21.5403],[-77.8424,21.5716],[-77.8736,21.5863],[-77.9342,21.5844],[-78.004,21.5881],[-78.0922,21.5973],[-78.1639,21.5991],[-78.2631,21.5973],[-78.3347,21.5899],[-78.388,21.5844],[-78.4431,21.5771],[-78.4633,21.5734],[-78.4927,21.5624]]]},"properties":{"density":"Medium"}},{"type":"Feature","geometry":{"type":"Polygon","coordinates":[[[-105.2071,32.5043],[-104.8198,32.21],[-104.485,31.6869],[-104.485,30.8917],[-104.7989,30.4732],[-105.3011,30.0337],[-105.9917,29.7617],[-106.5776,29.4896],[-106.7868,29.1757],[-106.7868,28.8409],[-106.745,28.4852],[-106.5985,28.1713],[-106.3474,27.9202],[-105.9917,27.7109],[-105.1337,27.418],[-104.1083,27.2506],[-102.9574,27.1878],[-102.0124,27.1891],[-101.0777,27.2031],[-99.9231,27.125],[-99.0861,27.0622],[-98.4165,27.0622],[-97.8515,26.9576],[-97.4539,26.853],[-96.8261,26.6856],[-95.6333,26.4135],[-94.3778,26.2252],[-93.75,26.2043],[-93.1792,26.2543],[-92.6516,26.3521],[-92.1576,26.5249],[-91.6053,26.7148],[-90.7403,27.0357],[-89.8056,27.4821],[-89.2719,27.7737],[-88.4348,28.2132],[-87.741,28.8353],[-87.3364,29.3236],[-86.8342,30.049],[-86.3598,30.6349],[-85.7181,31.5696],[-85.3169,32.5867],[-85.2122,33.2563],[-85.2541,33.8422],[-85.6726,34.5746],[-86.3213,34.9932],[-86.8444,35.1606],[-87.5559,35.1187],[-88.1209,35.035],[-88.6022,34.9932],[-88.8952,34.9513],[-89.4183,35.0769],[-89.5648,35.307],[-89.3765,36.1232],[-88.7487,36.5207],[-87.9744,36.7091],[-87.4304,36.8346],[-86.3631,37.023],[-84.9611,37.6298],[-84.3961,38.2367],[-83.1406,39.0737],[-81.9269,40.1619],[-81.2782,41.2709],[-80.3156,42.6102],[-79.8133,43.6774],[-79.6041,44.368],[-79.5622,44.7656],[-79.4576,44.9748],[-78.8507,46.1467],[-77.4906,47.0883],[-76.235,47.6743],[-75.5654,48.0718],[-74.2889,48.7833],[-73.5356,49.2646],[-72.7195,49.8087],[-71.9011,50.0237],[-71.3785,50.1611],[-70.5121,50.228],[-69.8006,49.9211],[-69.6192,49.2515],[-69.6611,48.4981],[-69.4518,47.6192],[-68.8938,46.4613],[-68.3079,45.6522],[-67.3034,44.5222],[-66.5361,44.0339],[-65.8107,43.5736],[-65.169,43.3224],[-64.3738,42.9737],[-62.6439,42.2203],[-60.9419,41.6763],[-58.668,40.9648],[-57.5938,40.63],[-56.2127,40.1278],[-54.9711,39.7929],[-53.6597,39.486],[-51.874,39.3744],[-50.3674,39.4302],[-49.7396,39.7232],[-48.9305,40.2254],[-48.3027,40.7276],[-47.6191,41.6205],[-46.6286,43.6154],[-46.0427,44.7315],[-45.7637,45.3174],[-45.666,45.7917],[-45.5823,46.2939],[-45.8195,46.7822],[-46.1264,47.2007],[-46.6147,47.396],[-47.1169,47.3821],[-47.647,47.396],[-48.1074,47.0752],[-48.5398,46.6148],[-48.8189,46.0986],[-49.4187,45.3592],[-50.2697,44.8431],[-51.1347,44.6198],[-52.4042,44.5082],[-54.134,44.5082],[-56.6591,45.0244],[-58.6401,45.7638],[-60.5374,47.0891],[-61.7929,48.4005],[-63.1043,50.1443],[-63.4949,50.8418],[-63.6205,51.5812],[-63.6902,52.4461],[-63.9413,53.4645],[-64.5272,54.4132],[-65.155,54.8735],[-65.6433,55.1805],[-66.2432,55.4037],[-66.8849,55.4455],[-68.0568,55.2502],[-69.6471,54.9852],[-71.4189,54.6085],[-73.2743,54.1202],[-75.164,53.4893],[-76.6893,52.9189],[-78.1291,52.4322],[-79.7753,51.8463],[-81.3409,51.3572],[-83.4335,50.29],[-84.438,49.6622],[-85.4215,48.9926],[-86.5157,48.323],[-87.562,47.458],[-88.6502,46.8581],[-89.4593,46.6349],[-90.1337,46.6126],[-90.9381,46.9558],[-91.3566,47.4999],[-91.6217,48.016],[-92.0123,48.5322],[-92.5145,49.2019],[-93.0725,49.6483],[-94.0491,50.2621],[-94.9838,50.8759],[-95.8426,51.6711],[-97.2237,52.7174],[-97.8306,53.1987],[-98.835,53.68],[-100.53,54.1822],[-102.9574,54.7263],[-104.0517,54.9774],[-105.1546,55.3331],[-106.2846,55.9191],[-108.0006,56.8607],[-109.0468,57.3839],[-110.2605,57.7187],[-111.1394,57.8861],[-112.7717,57.8861],[-113.6505,57.6978],[-114.4039,57.5513],[-115.3665,57.0491],[-115.7641,56.5887],[-116.2035,56.0028],[-116.5593,55.375],[-117.1661,54.5798],[-117.8357,54.0148],[-118.4626,53.7079],[-119.2578,53.401],[-120.0809,53.2894],[-120.8761,53.2475],[-121.7131,53.122],[-122.4804,52.9267],[-123.1221,52.6616],[-123.7144,52.2468],[-124.1266,52.1036],[-124.504,51.999],[-124.9915,52.0478],[-125.717,52.0757],[-126.2471,52.0059],[-126.6238,51.7409],[-126.8051,51.3084],[-126.9725,50.6388],[-126.8609,50.0807],[-126.7632,49.3135],[-126.4284,48.1556],[-125.8983,47.1651],[-125.6952,46.8319],[-125.5914,46.5512],[-125.5977,46.2633],[-125.6472,45.9235],[-125.703,45.3375],[-125.8146,44.2215],[-125.703,43.5519],[-125.3961,43.0636],[-125.0133,42.4637],[-124.6367,42.2754],[-123.9042,41.9824],[-122.6905,42.0661],[-122.293,41.9824],[-121.3094,41.9615],[-120.6817,42.0243],[-120.6607,42.0243],[-120.305,41.9615],[-119.4261,41.8569],[-118.045,41.4174],[-116.7057,40.8315],[-115.7013,40.2246],[-114.7178,39.5132],[-113.9854,38.9272],[-113.4831,38.5506],[-112.4996,38.132],[-111.7672,37.6298],[-111.2022,37.1694],[-110.9093,36.8137],[-110.4907,36.3533],[-109.9467,35.893],[-109.4863,35.2443],[-109.005,34.6165],[-108.2098,33.9259],[-107.9796,33.6748],[-107.4356,33.2354],[-106.8915,32.9633],[-106.2009,32.7959],[-105.7196,32.6704],[-105.2071,32.5043]]]},"properties":{"density":"Medium"}},{"type":"Feature","geometry":{"type":"Polygon","coordinates":[[[-120.7464,63.053],[-120.7777,63.0549],[-120.8328,63.0475],[-120.8622,63.0567],[-120.8805,63.0659],[-120.9265,63.0659],[-120.9577,63.0512],[-120.9669,63.0181],[-120.9632,62.9446],[-120.9467,62.8601],[-120.943,62.8142],[-120.9375,62.737],[-120.9338,62.6746],[-120.9375,62.6213],[-120.932,62.5662],[-120.9357,62.4909],[-120.9393,62.4045],[-120.9265,62.3402],[-120.9026,62.3035],[-120.8622,62.2796],[-120.8071,62.2686],[-120.7373,62.2612],[-120.6895,62.3035],[-120.6417,62.3953],[-120.6215,62.4945],[-120.6215,62.5699],[-120.6381,62.6213],[-120.6638,62.6893],[-120.6638,62.737],[-120.6638,62.7995],[-120.6472,62.8693],[-120.6307,62.9152],[-120.6252,62.9612],[-120.6178,62.9942],[-120.6417,63.031],[-120.6693,63.0567],[-120.7226,63.0622],[-120.7464,63.053]]]},"properties":{"density":"Medium"}},{"type":"Feature","geometry":{"type":"Polygon","coordinates":[[[-121.7036,63.5141],[-121.7504,63.459],[-121.7835,63.3901],[-121.7862,63.3323],[-121.7862,63.222],[-121.7862,63.1146],[-121.8083,62.9685],[-121.8276,62.8362],[-121.8414,62.7205],[-121.8551,62.6378],[-121.8689,62.5689],[-121.8799,62.5249],[-121.8992,62.478],[-121.9984,62.4146],[-122.0894,62.4064],[-122.1555,62.4201],[-122.3126,62.4504],[-122.3815,62.4615],[-122.4338,62.478],[-122.5055,62.4753],[-122.5606,62.4477],[-122.6019,62.4064],[-122.6295,62.3457],[-122.657,62.2576],[-122.657,62.1446],[-122.6378,62.0426],[-122.6185,61.9296],[-122.5909,61.7808],[-122.5799,61.6678],[-122.5578,61.5108],[-122.5138,61.3096],[-122.4669,61.1994],[-122.376,61.0699],[-122.2547,60.9486],[-122.0591,60.8466],[-121.7862,60.764],[-121.552,60.7061],[-121.2572,60.662],[-121.0753,60.6455],[-120.8851,60.651],[-120.7584,60.6648],[-120.5462,60.6978],[-120.4139,60.7557],[-120.3092,60.8329],[-120.2017,60.9734],[-120.1604,61.1387],[-120.1356,61.3179],[-120.1604,61.5824],[-120.1769,61.7037],[-120.2073,61.8414],[-120.2734,62.0426],[-120.2954,62.1198],[-120.3864,62.2989],[-120.4415,62.4312],[-120.5049,62.5579],[-120.549,62.693],[-120.5655,62.7977],[-120.5682,62.9437],[-120.571,63.0181],[-120.6234,63.1091],[-120.6923,63.1752],[-120.7749,63.2193],[-120.8521,63.2276],[-120.9155,63.2193],[-120.9788,63.1614],[-121.0202,63.0319],[-121.0395,62.8858],[-121.067,62.737],[-121.0973,62.5579],[-121.1442,62.4174],[-121.202,62.3678],[-121.2792,62.3264],[-121.3453,62.3375],[-121.3812,62.3871],[-121.3784,62.478],[-121.3536,62.6213],[-121.3205,62.8004],[-121.2764,62.9713],[-121.2351,63.1697],[-121.2351,63.302],[-121.2379,63.4287],[-121.2516,63.4866],[-121.3316,63.5445],[-121.3894,63.561],[-121.4804,63.5665],[-121.5741,63.561],[-121.6567,63.5445],[-121.7036,63.5141]]]},"properties":{"density":"Medium"}},{"type":"Feature","geometry":{"type":"Polygon","coordinates":[[[-120.9983,39.9732],[-121.1409,39.8864],[-121.2835,39.75],[-121.3951,39.595],[-121.5005,39.3222],[-121.5377,39.0928],[-121.5377,38.882],[-121.4695,38.6588],[-121.3765,38.4108],[-121.2463,38.2124],[-121.1099,38.076],[-120.9549,37.9582],[-120.7999,37.89],[-120.6697,37.859],[-120.527,37.8714],[-120.3224,37.9272],[-120.1798,38.0388],[-120.1116,38.2],[-120.0496,38.3178],[-120.0372,38.4728],[-120.0868,38.6836],[-120.093,38.8696],[-120.0868,39.0804],[-120.0744,39.285],[-120.062,39.4028],[-120.062,39.564],[-120.155,39.7562],[-120.3286,39.874],[-120.4526,39.9422],[-120.6014,39.998],[-120.6821,40.0042],[-120.8495,40.0042],[-120.9983,39.9732]]]},"properties":{"density":"Medium"}},{"type":"Feature","geometry":{"type":"Polygon","coordinates":[[[-117.5054,40.4331],[-117.5426,40.4207],[-117.6232,40.3215],[-117.7038,40.1727],[-117.8154,40.0177],[-117.8526,39.8999],[-117.8526,39.7201],[-117.7782,39.5588],[-117.6666,39.4658],[-117.4806,39.3976],[-117.3194,39.3604],[-117.1954,39.3604],[-117.09,39.4596],[-117.0714,39.6022],[-117.09,39.7759],[-117.1272,39.9371],[-117.1396,40.0735],[-117.1148,40.2099],[-117.1272,40.3153],[-117.1954,40.4083],[-117.2636,40.4455],[-117.3442,40.4703],[-117.5054,40.4331]]]},"properties":{"density":"Medium"}},{"type":"Feature","geometry":{"type":"Polygon","coordinates":[[[-115.0819,46.126],[-115.0979,46.1427],[-115.1212,46.156],[-115.1526,46.1554],[-115.1912,46.1367],[-115.2232,46.114],[-115.2559,46.092],[-115.2772,46.0727],[-115.2912,46.056],[-115.2806,46.05],[-115.2612,46.0494],[-115.2352,46.052],[-115.2052,46.054],[-115.1539,46.0607],[-115.1032,46.0654],[-115.0646,46.0754],[-115.0466,46.084],[-115.0486,46.1],[-115.0592,46.1074],[-115.0679,46.1134],[-115.0726,46.1187],[-115.0819,46.126]]]},"properties":{"density":"Heavy"}},{"type":"Feature","geometry":{"type":"Polygon","coordinates":[[[-122.5593,43.1604],[-122.596,43.1464],[-122.628,43.1324],[-122.658,43.1191],[-122.6973,43.0977],[-122.7286,43.0764],[-122.7506,43.0684],[-122.782,43.0584],[-122.8013,43.0551],[-122.8353,43.0524],[-122.842,43.0524],[-122.86,43.0437],[-122.8566,43.0304],[-122.8453,43.0177],[-122.812,43.0064],[-122.7833,42.9997],[-122.7506,42.9957],[-122.7206,42.9957],[-122.674,43.0131],[-122.6173,43.0364],[-122.574,43.0511],[-122.546,43.0691],[-122.502,43.1084],[-122.498,43.1244],[-122.4966,43.1431],[-122.5046,43.1577],[-122.5246,43.1664],[-122.5313,43.1664],[-122.5426,43.1644],[-122.562,43.1604],[-122.5593,43.1604]]]},"properties":{"density":"Heavy"}},{"type":"Feature","geometry":{"type":"Polygon","coordinates":[[[-118.1545,45.7478],[-118.1927,45.7602],[-118.2758,45.7669],[-118.3297,45.7647],[-118.4128,45.7422],[-118.442,45.7141],[-118.4588,45.6715],[-118.442,45.6411],[-118.3993,45.6198],[-118.3465,45.6187],[-118.2803,45.6142],[-118.2421,45.6063],[-118.2073,45.5951],[-118.1781,45.6018],[-118.1253,45.6277],[-118.0939,45.6512],[-118.0815,45.7063],[-118.1029,45.7265],[-118.1141,45.7355],[-118.1455,45.7433],[-118.1545,45.7478]]]},"properties":{"density":"Heavy"}},{"type":"Feature","geometry":{"type":"Polygon","coordinates":[[[-122.5614,51.9606],[-122.1762,51.9654],[-121.6466,51.9413],[-121.1338,51.9004],[-120.4285,51.768],[-119.7713,51.6235],[-119.616,51.4502],[-119.4607,51.2841],[-119.1141,50.8364],[-118.901,50.6197],[-118.6663,50.4175],[-118.4605,50.2333],[-118.3233,50.1683],[-118.1969,50.0781],[-118.0814,49.9842],[-118.0127,49.8578],[-117.8503,49.5906],[-117.6769,49.4497],[-117.518,49.2836],[-117.3339,49.197],[-117.246,49.1488],[-117.0895,49.1031],[-116.9523,49.0092],[-116.8753,48.9442],[-116.7501,48.872],[-116.6827,48.8287],[-116.596,48.7853],[-116.4733,48.7721],[-116.4047,48.7468],[-116.2783,48.7215],[-116.0075,48.6782],[-115.8329,48.6072],[-115.7896,48.5446],[-115.739,48.4459],[-115.6788,48.3424],[-115.65,48.222],[-115.6283,48.1281],[-115.662,48.0511],[-115.7607,47.9644],[-115.9509,47.8874],[-116.2277,47.9488],[-116.3649,47.9452],[-116.6574,47.9632],[-116.8235,47.9307],[-116.968,47.8946],[-117.098,47.8188],[-117.1521,47.761],[-117.163,47.7177],[-117.1413,47.6166],[-117.0763,47.566],[-117.0069,47.5938],[-116.9347,47.6003],[-116.8247,47.5883],[-116.6442,47.5618],[-116.4203,47.4896],[-116.2205,47.4848],[-115.9557,47.4511],[-115.5681,47.4005],[-115.4213,47.3837],[-115.3563,47.3716],[-115.0,47.3403],[-114.8291,47.3115],[-114.6654,47.2753],[-114.4921,47.2513],[-114.4415,47.2537],[-114.35,47.2465],[-114.2634,47.244],[-114.2008,47.2224],[-114.1382,47.167],[-114.1261,47.1261],[-114.1526,47.0707],[-114.2634,46.9937],[-114.3452,46.9383],[-114.427,46.8565],[-114.4921,46.7987],[-114.6004,46.7626],[-114.7232,46.7578],[-114.8844,46.7481],[-115.0168,46.7602],[-115.1131,46.8011],[-115.2407,46.8613],[-115.3587,46.9287],[-115.5007,47.0009],[-115.6813,47.0346],[-115.7559,47.0587],[-116.1423,47.1682],[-116.4637,47.2223],[-116.7995,47.2657],[-116.8572,47.2224],[-116.9403,47.1068],[-116.9547,46.9841],[-116.9258,46.836],[-116.915,46.7132],[-116.9981,46.5688],[-117.0703,46.5399],[-117.3519,46.493],[-117.5036,46.511],[-117.6733,46.5327],[-117.89,46.558],[-118.103,46.4424],[-118.3486,46.3594],[-118.5905,46.2763],[-118.8505,46.1355],[-118.9841,46.0524],[-119.1538,45.9983],[-119.2477,45.9622],[-119.5438,45.9044],[-119.8507,45.7238],[-119.9121,45.5974],[-119.9735,45.3952],[-119.9374,45.2797],[-119.7352,45.2147],[-119.5149,45.2219],[-119.3307,45.2255],[-119.1394,45.2327],[-118.9805,45.2544],[-118.6218,45.2845],[-118.4075,45.2604],[-118.2703,45.2219],[-118.1861,45.193],[-117.9959,45.1232],[-117.8081,45.0438],[-117.5554,45.0245],[-117.4494,45.0221],[-117.2641,45.0245],[-117.0859,45.0727],[-116.8019,45.1298],[-116.6448,45.1569],[-116.1411,45.0648],[-115.6644,44.9836],[-115.3719,44.7507],[-114.944,44.5611],[-114.8393,44.4636],[-114.6371,44.3806],[-114.5721,44.3372],[-114.5035,44.2144],[-114.4565,44.1206],[-114.4493,44.0158],[-114.4349,43.8534],[-114.3807,43.6584],[-114.2832,43.4056],[-114.2327,43.3117],[-114.1388,43.2756],[-113.6296,43.1564],[-113.4924,43.1167],[-113.3299,43.012],[-113.2613,42.8892],[-113.2252,42.8134],[-113.3407,42.7701],[-113.4491,42.7773],[-113.7235,42.8856],[-114.0232,42.9362],[-114.3861,42.9957],[-114.5667,42.9957],[-114.8628,43.0571],[-115.0542,43.1113],[-115.213,43.1799],[-115.3322,43.2991],[-115.3791,43.458],[-115.4694,43.6024],[-115.5777,43.7938],[-115.8666,43.9527],[-116.0905,44.0321],[-116.2927,44.1115],[-116.6177,44.209],[-116.8091,44.2957],[-117.1666,44.3751],[-117.293,44.4149],[-117.6757,44.5268],[-118.044,44.516],[-118.3799,44.451],[-118.8258,44.3962],[-119.0545,44.3505],[-119.3025,44.2518],[-119.4156,44.1868],[-119.5624,44.0038],[-119.601,43.9099],[-119.6678,43.7607],[-119.7382,43.6957],[-119.9007,43.6253],[-120.1932,43.5657],[-120.4694,43.5711],[-120.7186,43.6415],[-120.9623,43.7715],[-121.2169,43.9232],[-121.4335,44.1019],[-121.6177,44.2807],[-121.6719,44.4702],[-121.7639,44.8819],[-121.7802,44.9956],[-121.8723,45.1635],[-122.0456,45.2719],[-122.2352,45.261],[-122.3868,45.1527],[-122.5439,45.0227],[-122.6847,44.844],[-122.7714,44.676],[-122.8472,44.389],[-122.8743,44.3348],[-122.9718,44.129],[-123.0855,44.0207],[-123.2426,44.0315],[-123.4322,44.194],[-123.6326,44.4756],[-123.7301,44.7194],[-123.7301,45.0173],[-123.638,45.2664],[-123.4376,45.5048],[-123.156,45.7214],[-122.9393,45.8731],[-122.7335,45.9543],[-122.5927,45.9706],[-122.5222,45.9597],[-122.2893,45.8568],[-122.1521,45.8027],[-121.8163,45.8568],[-121.531,46.0157],[-121.3541,46.1349],[-121.2169,46.2865],[-121.0833,46.4743],[-121.011,46.7343],[-121.0327,46.9546],[-121.0797,47.1351],[-121.0833,47.2759],[-121.0291,47.4204],[-120.9822,47.4782],[-120.946,47.5179],[-120.946,47.7129],[-120.9566,47.9299],[-120.9566,48.0743],[-121.0002,48.2816],[-121.0706,48.482],[-121.2223,48.6391],[-121.4046,48.816],[-121.513,48.8485],[-121.7152,48.8413],[-121.8235,48.7727],[-121.8741,48.6463],[-121.8741,48.4188],[-121.8416,48.1949],[-121.8199,47.8483],[-121.7657,47.4908],[-121.838,47.2416],[-122.2045,46.8932],[-122.32,46.8246],[-122.562,46.7632],[-122.8003,46.6765],[-122.9808,46.626],[-123.165,46.5971],[-123.3853,46.561],[-123.5189,46.4851],[-123.8996,46.3317],[-124.2498,46.1187],[-124.4845,45.7865],[-124.7048,45.4398],[-124.9503,45.2485],[-125.1489,45.2593],[-125.3692,45.5048],[-125.38,45.884],[-125.2645,46.3895],[-125.0623,46.7181],[-124.824,47.0684],[-124.3855,47.2434],[-124.1869,47.3734],[-123.8836,47.4709],[-123.6019,47.554],[-123.3925,47.5576],[-123.0944,47.6892],[-122.9852,47.8368],[-123.0847,48.0214],[-123.3961,48.161],[-123.9318,48.2435],[-124.5002,48.2447],[-124.7313,47.9558],[-125.5113,47.6633],[-126.0349,47.7897],[-126.2046,48.0894],[-126.4321,48.9127],[-126.3093,49.1763],[-126.1143,49.3749],[-125.6377,49.5446],[-125.3235,49.5266],[-125.0419,49.5482],[-124.8216,49.5952],[-124.6266,49.6927],[-124.4244,49.7938],[-124.1788,49.884],[-123.9514,49.9418],[-123.7853,49.9707],[-123.5902,50.0068],[-123.5072,50.1188],[-123.4822,50.2556],[-123.6663,50.2917],[-123.9732,50.3748],[-124.1502,50.4686],[-124.2441,50.5842],[-124.2477,50.8514],[-124.1502,51.0969],[-123.9913,51.2956],[-123.8071,51.4364],[-123.2583,51.7505],[-123.0416,51.8805],[-122.8791,51.9491],[-122.6986,51.978],[-122.5614,51.9606]]]},"properties":{"density":"Heavy"}},{"type":"Feature","geometry":{"type":"Polygon","coordinates":[[[-121.6669,45.2944],[-121.7276,45.3222],[-121.7683,45.3545],[-121.778,45.4243],[-121.7274,45.4821],[-121.6432,45.5086],[-121.4891,45.5254],[-121.2122,45.5519],[-121.0197,45.5279],[-120.7717,45.4749],[-120.6056,45.4051],[-120.141,45.2438],[-120.0784,45.2101],[-119.9797,45.1812],[-119.8906,45.121],[-119.8184,45.0681],[-119.8007,45.0151],[-119.8361,45.0071],[-119.9436,45.0311],[-120.0383,45.0616],[-120.1875,45.0873],[-120.3865,45.1146],[-120.5936,45.1547],[-120.73,45.1884],[-120.9081,45.2446],[-121.0076,45.2847],[-121.1376,45.3264],[-121.2451,45.3682],[-121.3174,45.3553],[-121.3832,45.3264],[-121.4361,45.3056],[-121.5324,45.2783],[-121.579,45.2671],[-121.6143,45.2703],[-121.6391,45.2808],[-121.6669,45.2944]]]},"properties":{"density":"Heavy"}},{"type":"Feature","geometry":{"type":"Polygon","coordinates":[[[-114.9403,48.5013],[-114.917,48.5232],[-114.8682,48.5494],[-114.8336,48.5607],[-114.8011,48.5642],[-114.7644,48.5536],[-114.7192,48.5268],[-114.7071,48.5176],[-114.6973,48.4964],[-114.7079,48.4816],[-114.734,48.4745],[-114.7827,48.4703],[-114.8329,48.4688],[-114.8725,48.4731],[-114.9099,48.483],[-114.9353,48.4865],[-114.9381,48.4893],[-114.9403,48.5013]]]},"properties":{"density":"Heavy"}},{"type":"Feature","geometry":{"type":"Polygon","coordinates":[[[-112.4881,38.6511],[-112.5136,38.6797],[-112.5316,38.7581],[-112.5316,38.8302],[-112.5263,38.8758],[-112.5019,38.916],[-112.4807,38.9351],[-112.4383,38.9584],[-112.4087,38.9552],[-112.379,38.9277],[-112.3578,38.8864],[-112.3387,38.8567],[-112.3218,38.8228],[-112.2964,38.7603],[-112.2921,38.7285],[-112.291,38.7073],[-112.2932,38.6935],[-112.3218,38.6691],[-112.3493,38.6596],[-112.414,38.6501],[-112.4595,38.6405],[-112.4807,38.6437],[-112.4818,38.6458],[-112.4881,38.6511]]]},"properties":{"density":"Heavy"}},{"type":"Feature","geometry":{"type":"Polygon","coordinates":[[[-112.2709,38.9298],[-112.2773,38.9499],[-112.2773,38.986],[-112.2646,39.0283],[-112.237,39.0834],[-112.2042,39.1227],[-112.1893,39.1343],[-112.1692,39.1396],[-112.1533,39.1227],[-112.1427,39.0771],[-112.1374,39.0432],[-112.1268,39.0093],[-112.1226,38.9743],[-112.1268,38.951],[-112.1416,38.9383],[-112.1734,38.9234],[-112.2042,38.9192],[-112.2275,38.9181],[-112.2444,38.9192],[-112.2614,38.9224],[-112.2709,38.9298]]]},"properties":{"density":"Heavy"}},{"type":"Feature","geometry":{"type":"Polygon","coordinates":[[[-120.8741,38.156],[-120.878,38.2386],[-120.8963,38.3172],[-120.9265,38.4011],[-120.9448,38.4718],[-120.9147,38.5098],[-120.8544,38.5308],[-120.7994,38.5242],[-120.747,38.5046],[-120.6893,38.4626],[-120.6736,38.4102],[-120.6788,38.35],[-120.6814,38.2897],[-120.6998,38.1888],[-120.6972,38.1285],[-120.6814,38.0761],[-120.6906,38.0289],[-120.7064,37.9844],[-120.7483,37.9346],[-120.7981,37.928],[-120.8387,37.9595],[-120.8623,38.0001],[-120.8741,38.0512],[-120.8806,38.0905],[-120.878,38.1324],[-120.8741,38.156]]]},"properties":{"density":"Heavy"}},{"type":"Feature","geometry":{"type":"Polygon","coordinates":[[[-120.9603,38.659],[-120.9824,38.5874],[-120.9879,38.4771],[-120.9824,38.4331],[-120.9741,38.3917],[-120.9245,38.298],[-120.9025,38.265],[-120.8611,38.2181],[-120.8308,38.1465],[-120.8033,38.1024],[-120.7702,38.0914],[-120.7233,38.0858],[-120.6903,38.1327],[-120.6737,38.1988],[-120.6627,38.265],[-120.6544,38.3366],[-120.6517,38.411],[-120.6517,38.4716],[-120.6765,38.535],[-120.7123,38.5929],[-120.7536,38.6563],[-120.7867,38.6783],[-120.8225,38.6838],[-120.8336,38.67],[-120.8363,38.6397],[-120.8446,38.6232],[-120.8694,38.626],[-120.8859,38.6535],[-120.908,38.6811],[-120.9273,38.6838],[-120.9493,38.6728],[-120.9603,38.659]]]},"properties":{"density":"Heavy"}},{"type":"Feature","geometry":{"type":"Polygon","coordinates":[[[-122.9012,43.1404],[-122.9232,43.1239],[-122.9425,43.0881],[-122.9039,43.0467],[-122.8488,43.0219],[-122.7689,43.0192],[-122.6835,43.0219],[-122.6118,43.033],[-122.5595,43.0605],[-122.5154,43.1019],[-122.4933,43.1322],[-122.4933,43.168],[-122.5181,43.1873],[-122.587,43.1873],[-122.6311,43.168],[-122.6669,43.1377],[-122.7028,43.1212],[-122.7524,43.1212],[-122.7937,43.1294],[-122.8323,43.1432],[-122.8681,43.146],[-122.9012,43.1404]]]},"properties":{"density":"Heavy"}},{"type":"Feature","geometry":{"type":"Polygon","coordinates":[[[-123.0321,45.9113],[-123.1561,45.8617],[-123.1974,45.7873],[-123.2181,45.6054],[-123.2181,45.5062],[-123.2511,45.4153],[-123.3256,45.345],[-123.3958,45.3408],[-123.4868,45.3739],[-123.5653,45.3863],[-123.6562,45.3656],[-123.7306,45.2664],[-123.7802,45.1548],[-123.8216,45.0556],[-123.8422,44.9192],[-123.8753,44.7952],[-123.896,44.663],[-123.8712,44.5183],[-123.8422,44.3777],[-123.743,44.2744],[-123.586,44.2372],[-123.3462,44.2579],[-123.1148,44.3571],[-123.0114,44.4976],[-122.9453,44.6671],[-122.9494,44.7911],[-122.9453,44.8738],[-122.8585,45.0143],[-122.813,45.1011],[-122.6931,45.2292],[-122.4782,45.345],[-122.2219,45.3739],[-122.069,45.3863],[-121.9036,45.3491],[-121.7135,45.2995],[-121.6102,45.2623],[-121.5357,45.2458],[-121.4035,45.2416],[-121.3167,45.2788],[-121.2629,45.3408],[-121.2423,45.4649],[-121.3001,45.5434],[-121.4737,45.5971],[-121.7052,45.6674],[-122.0772,45.7501],[-122.3996,45.8286],[-122.5939,45.8782],[-122.8006,45.9154],[-122.9163,45.9237],[-123.0321,45.9113]]]},"properties":{"density":"Heavy"}},{"type":"Feature","geometry":{"type":"Polygon","coordinates":[[[-120.6305,44.6795],[-120.6925,44.663],[-120.7338,44.6009],[-120.7421,44.5389],[-120.8331,44.4728],[-120.957,44.4191],[-121.0356,44.3943],[-121.0852,44.3447],[-121.1389,44.262],[-121.1513,44.2124],[-121.1596,44.1793],[-121.1472,44.1091],[-121.1141,44.0388],[-121.0397,43.9644],[-120.895,43.9148],[-120.7917,43.8652],[-120.6512,43.7908],[-120.4776,43.7081],[-120.2998,43.6916],[-120.1676,43.7494],[-120.0807,43.8693],[-120.0849,44.0223],[-120.2461,44.1669],[-120.3205,44.2496],[-120.3536,44.3364],[-120.3288,44.4232],[-120.2709,44.4893],[-120.2006,44.5017],[-120.0849,44.4604],[-120.0187,44.4315],[-119.9402,44.386],[-119.8203,44.324],[-119.7542,44.3199],[-119.6839,44.324],[-119.5765,44.4067],[-119.5351,44.4521],[-119.5103,44.5431],[-119.5103,44.6464],[-119.5269,44.696],[-119.6095,44.7415],[-119.7005,44.7539],[-119.8038,44.7498],[-119.9319,44.7126],[-120.1345,44.7126],[-120.2668,44.725],[-120.3536,44.725],[-120.4486,44.725],[-120.5065,44.7167],[-120.5644,44.7002],[-120.6305,44.6795]]]},"properties":{"density":"Heavy"}},{"type":"Feature","geometry":{"type":"Polygon","coordinates":[[[-118.4108,45.8203],[-118.4851,45.8004],[-118.5059,45.7418],[-118.4811,45.655],[-118.3984,45.5847],[-118.2413,45.5517],[-118.1463,45.5641],[-118.0677,45.6426],[-118.0636,45.6922],[-118.0636,45.7542],[-118.1256,45.7873],[-118.1793,45.7873],[-118.2413,45.7914],[-118.3033,45.7955],[-118.3447,45.8079],[-118.4108,45.8203]]]},"properties":{"density":"Heavy"}},{"type":"Feature","geometry":{"type":"Polygon","coordinates":[[[-118.0264,46.1345],[-118.0347,46.1138],[-118.0719,46.0807],[-118.1421,46.0807],[-118.1711,46.0725],[-118.2041,46.0311],[-118.1959,45.9898],[-118.138,45.9361],[-118.0347,45.9113],[-117.9644,45.9319],[-117.9355,45.9691],[-117.9189,46.0229],[-117.9148,46.0849],[-117.9272,46.1138],[-117.9975,46.1427],[-118.0264,46.1345]]]},"properties":{"density":"Heavy"}},{"type":"Feature","geometry":{"type":"Polygon","coordinates":[[[-115.7962,46.1848],[-115.8348,46.1793],[-115.8752,46.1719],[-115.9046,46.1591],[-115.8973,46.1297],[-115.8697,46.1095],[-115.7981,46.0966],[-115.7172,46.0985],[-115.6474,46.0911],[-115.5446,46.0617],[-115.427,46.0305],[-115.359,46.0139],[-115.2745,46.0158],[-115.2194,46.0195],[-115.1532,46.0286],[-115.0816,46.0525],[-115.0412,46.0819],[-115.0393,46.104],[-115.0504,46.1334],[-115.0724,46.1591],[-115.1073,46.183],[-115.144,46.1793],[-115.1863,46.1609],[-115.2175,46.1407],[-115.269,46.1242],[-115.3112,46.126],[-115.3829,46.1315],[-115.4619,46.1481],[-115.5335,46.1572],[-115.6474,46.1738],[-115.7228,46.1774],[-115.7613,46.1811],[-115.7962,46.1848]]]},"properties":{"density":"Heavy"}},{"type":"Feature","geometry":{"type":"Polygon","coordinates":[[[-118.4391,48.3162],[-118.493,48.3064],[-118.5334,48.2905],[-118.5481,48.2819],[-118.5603,48.255],[-118.5726,48.2329],[-118.5799,48.1925],[-118.5738,48.157],[-118.5616,48.1313],[-118.5224,48.0835],[-118.5077,48.0553],[-118.4917,48.0162],[-118.4709,47.9843],[-118.417,47.9659],[-118.3178,47.9659],[-118.2725,47.9843],[-118.2137,48.0247],[-118.1452,48.0431],[-118.0949,48.048],[-118.0692,48.0872],[-118.0643,48.119],[-118.0753,48.1582],[-118.106,48.1925],[-118.1476,48.2342],[-118.1978,48.2672],[-118.2505,48.2893],[-118.286,48.304],[-118.3558,48.3236],[-118.4011,48.326],[-118.4256,48.3223],[-118.4391,48.3162]]]},"properties":{"density":"Heavy"}},{"type":"Feature","geometry":{"type":"Polygon","coordinates":[[[-119.1445,48.3321],[-119.1556,48.3321],[-119.1678,48.315],[-119.169,48.3027],[-119.1494,48.2844],[-119.1262,48.2709],[-119.0882,48.2538],[-119.0662,48.2464],[-119.038,48.2403],[-119.0221,48.2391],[-119.0135,48.2464],[-119.0135,48.2587],[-119.027,48.2905],[-119.0417,48.304],[-119.0613,48.3211],[-119.0808,48.3309],[-119.1004,48.3383],[-119.1262,48.3395],[-119.1445,48.3321]]]},"properties":{"density":"Heavy"}},{"type":"Feature","geometry":{"type":"Polygon","coordinates":[[[-113.3525,45.592],[-113.3631,45.5854],[-113.3681,45.571],[-113.3706,45.5624],[-113.3645,45.5379],[-113.3486,45.5244],[-113.3255,45.5136],[-113.2945,45.5193],[-113.2604,45.5208],[-113.2285,45.5134],[-113.1991,45.5012],[-113.1649,45.4914],[-113.1403,45.4828],[-113.1208,45.4877],[-113.111,45.5048],[-113.1183,45.5232],[-113.1367,45.5404],[-113.1685,45.5538],[-113.204,45.5661],[-113.2273,45.5722],[-113.2567,45.582],[-113.2983,45.5893],[-113.3253,45.593],[-113.3394,45.5936],[-113.3525,45.592]]]},"properties":{"density":"Heavy"}},{"type":"Feature","geometry":{"type":"Polygon","coordinates":[[[-113.6183,46.2374],[-113.6431,46.2043],[-113.6789,46.1658],[-113.7064,46.1244],[-113.7312,46.0748],[-113.723,46.0445],[-113.6623,46.039],[-113.6045,46.0803],[-113.5686,46.1162],[-113.5328,46.152],[-113.5108,46.1795],[-113.4887,46.2457],[-113.4915,46.265],[-113.5163,46.2843],[-113.5549,46.2843],[-113.5907,46.2705],[-113.6183,46.2374]]]},"properties":{"density":"Heavy"}},{"type":"Feature","geometry":{"type":"Polygon","coordinates":[[[-112.9575,45.8951],[-113.001,45.8819],[-113.0451,45.8461],[-113.0836,45.8048],[-113.1179,45.7665],[-113.1525,45.7331],[-113.1853,45.7089],[-113.2021,45.667],[-113.1966,45.6422],[-113.1608,45.6183],[-113.1008,45.6171],[-113.023,45.6422],[-112.9789,45.6808],[-112.9596,45.7083],[-112.9376,45.7304],[-112.9073,45.7386],[-112.8705,45.7347],[-112.8399,45.7285],[-112.8053,45.7414],[-112.7833,45.7855],[-112.7833,45.8185],[-112.8026,45.8433],[-112.8329,45.8792],[-112.8742,45.8929],[-112.9128,45.8957],[-112.9575,45.8951]]]},"properties":{"density":"Heavy"}},{"type":"Feature","geometry":{"type":"Polygon","coordinates":[[[-119.2866,48.8027],[-119.2742,48.6307],[-119.2494,48.4756],[-119.1626,48.3516],[-118.9456,48.271],[-118.7782,48.1284],[-118.4992,47.8432],[-117.8543,47.5766],[-117.3087,47.3906],[-116.6019,47.155],[-116.3911,46.9938],[-116.4221,46.8636],[-116.9615,46.8124],[-117.3242,46.738],[-117.659,46.6729],[-118.1054,46.6729],[-118.6728,46.566],[-119.206,46.3924],[-119.8012,46.1567],[-120.5267,46.0327],[-120.8026,46.0963],[-121.0165,46.2451],[-121.0444,46.4869],[-120.97,46.8868],[-120.9235,47.0682],[-120.9235,47.2356],[-120.9607,47.4914],[-120.9607,47.7239],[-120.9514,47.9099],[-120.9545,48.1284],[-120.9297,48.2834],[-120.8677,48.4012],[-120.7561,48.5377],[-120.6196,48.6555],[-120.3964,48.7237],[-120.2352,48.8105],[-120.0182,48.9903],[-119.8756,49.2259],[-119.7268,49.2879],[-119.5222,49.2693],[-119.3486,49.1143],[-119.3114,48.9407],[-119.2866,48.8027]]]},"properties":{"density":"Heavy"}},{"type":"Feature","geometry":{"type":"Polygon","coordinates":[[[-122.7587,52.14],[-122.8952,52.0207],[-122.9262,51.8052],[-122.8859,51.63],[-122.83,51.4998],[-122.8704,51.2906],[-122.9447,51.1294],[-122.9634,51.0178],[-122.9013,50.9496],[-122.7029,51.0054],[-122.4735,51.1108],[-122.3557,51.1092],[-122.2255,51.0426],[-122.1077,50.9496],[-122.0023,50.869],[-121.8783,50.7883],[-121.7326,50.7558],[-121.5094,50.7186],[-121.1839,50.6256],[-120.877,50.5698],[-120.6817,50.5605],[-120.2352,50.3931],[-120.0306,50.2629],[-119.8353,50.142],[-119.5749,50.0118],[-119.3238,49.9095],[-119.0634,49.8351],[-118.8495,49.8258],[-118.71,49.8723],[-118.7472,50.0211],[-118.9642,50.1745],[-119.1285,50.3931],[-119.2494,50.5713],[-119.4168,50.6721],[-119.733,50.8193],[-120.0554,51.0116],[-120.1608,51.1914],[-120.167,51.4146],[-120.1794,51.4952],[-120.2538,51.5835],[-120.3406,51.644],[-120.6754,51.7432],[-120.9514,51.8346],[-121.342,51.9276],[-121.7605,52.03],[-122.1046,52.1602],[-122.4022,52.1788],[-122.5727,52.1958],[-122.7587,52.14]]]},"properties":{"density":"Heavy"}},{"type":"Feature","geometry":{"type":"Polygon","coordinates":[[[-119.7777,51.5046],[-119.795,51.4869],[-119.7991,51.4662],[-119.795,51.4249],[-119.7702,51.3877],[-119.733,51.3464],[-119.6999,51.3422],[-119.6694,51.3668],[-119.6586,51.4084],[-119.6586,51.4497],[-119.6846,51.4926],[-119.7082,51.5076],[-119.7303,51.522],[-119.7581,51.5225],[-119.7777,51.5046]]]},"properties":{"density":"Heavy"}},{"type":"Feature","geometry":{"type":"Polygon","coordinates":[[[-121.9735,50.7327],[-121.9845,50.7299],[-122.0149,50.6996],[-122.0314,50.6583],[-122.0286,50.6335],[-122.0121,50.6004],[-121.9901,50.5701],[-121.9404,50.5343],[-121.8936,50.526],[-121.8633,50.5287],[-121.8275,50.5398],[-121.822,50.5783],[-121.8165,50.6417],[-121.833,50.6803],[-121.8578,50.7106],[-121.8909,50.7299],[-121.9294,50.7437],[-121.9735,50.7327]]]},"properties":{"density":"Heavy"}},{"type":"Feature","geometry":{"type":"Polygon","coordinates":[[[-120.6095,49.5698],[-120.637,49.5367],[-120.648,49.4761],[-120.6398,49.3824],[-120.637,49.3052],[-120.6453,49.2584],[-120.6811,49.1537],[-120.7004,49.0848],[-120.728,49.0186],[-120.7362,48.9553],[-120.7417,48.8946],[-120.7197,48.8533],[-120.6563,48.8257],[-120.5957,48.834],[-120.5351,48.8836],[-120.4882,48.9442],[-120.4799,49.0186],[-120.4827,49.1151],[-120.4855,49.1482],[-120.4855,49.2363],[-120.4882,49.2997],[-120.4937,49.3714],[-120.4937,49.4237],[-120.5048,49.4788],[-120.5185,49.5284],[-120.5488,49.567],[-120.5681,49.5753],[-120.6095,49.5698]]]},"properties":{"density":"Heavy"}},{"type":"Feature","geometry":{"type":"Polygon","coordinates":[[[-121.4362,49.3603],[-121.4692,49.4072],[-121.4858,49.3989],[-121.494,49.3658],[-121.4995,49.3245],[-121.494,49.2722],[-121.4306,49.2005],[-121.359,49.1454],[-121.3149,49.1096],[-121.2763,49.0765],[-121.2488,49.0214],[-121.2488,49.0021],[-121.2708,48.9332],[-121.2956,48.8974],[-121.3122,48.8588],[-121.3177,48.7706],[-121.2874,48.7348],[-121.2102,48.7128],[-121.0889,48.7293],[-121.0063,48.7789],[-120.9704,48.8616],[-120.9484,48.9387],[-120.9429,49.0131],[-120.976,49.0985],[-121.0008,49.1151],[-121.0752,49.173],[-121.1193,49.1978],[-121.1606,49.217],[-121.2267,49.2226],[-121.2846,49.2556],[-121.3259,49.2887],[-121.359,49.3273],[-121.4059,49.3631],[-121.4362,49.3603]]]},"properties":{"density":"Heavy"}},{"type":"Feature","geometry":{"type":"Polygon","coordinates":[[[-121.6291,50.4047],[-121.6897,50.4103],[-121.731,50.3662],[-121.7172,50.2807],[-121.6594,50.1678],[-121.6373,50.1126],[-121.5795,49.9721],[-121.5519,49.8922],[-121.5354,49.8095],[-121.5161,49.7268],[-121.5023,49.6359],[-121.4775,49.5725],[-121.4334,49.556],[-121.3783,49.5753],[-121.2901,49.6387],[-121.2019,49.6938],[-121.1248,49.7296],[-121.0504,49.7709],[-120.9677,49.7985],[-120.8878,49.8371],[-120.7776,49.8867],[-120.648,49.9225],[-120.4193,49.9776],[-120.1189,50.0989],[-120.0813,50.1613],[-120.085,50.2348],[-120.1823,50.2954],[-120.2797,50.3248],[-120.4267,50.345],[-120.6232,50.3524],[-120.7748,50.3441],[-120.9291,50.3221],[-121.0035,50.3],[-121.0586,50.278],[-121.1165,50.2118],[-121.1551,50.1154],[-121.224,50.041],[-121.3204,50.0327],[-121.3783,50.0768],[-121.4141,50.1347],[-121.4444,50.1981],[-121.472,50.2504],[-121.4995,50.3028],[-121.5271,50.3469],[-121.5987,50.3882],[-121.6291,50.4047]]]},"properties":{"density":"Heavy"}},{"type":"Feature","geometry":{"type":"Polygon","coordinates":[[[-112.1936,39.4493],[-112.279,39.4245],[-112.3424,39.3467],[-112.3548,39.2723],[-112.3858,39.1855],[-112.392,39.0863],[-112.392,38.9995],[-112.4106,38.9003],[-112.4664,38.7949],[-112.5133,38.7025],[-112.4692,38.6419],[-112.3975,38.6171],[-112.3204,38.6254],[-112.1715,38.7136],[-112.0586,38.7769],[-111.9456,38.8045],[-111.7596,38.8259],[-111.648,38.8817],[-111.6066,38.9781],[-111.617,39.1235],[-111.7038,39.1979],[-111.8216,39.2661],[-111.9518,39.3467],[-112.0476,39.4163],[-112.1357,39.4438],[-112.1936,39.4493]]]},"properties":{"density":"Heavy"}},{"type":"Feature","geometry":{"type":"Polygon","coordinates":[[[-94.5206,30.9563],[-94.5365,30.9477],[-94.5512,30.9343],[-94.5634,30.9134],[-94.5634,30.8926],[-94.5463,30.8865],[-94.5218,30.8902],[-94.4924,30.9098],[-94.4838,30.9208],[-94.4802,30.9404],[-94.4826,30.9514],[-94.4985,30.9587],[-94.5046,30.9575],[-94.5206,30.9563]]]},"properties":{"density":"Heavy"}},{"type":"Feature","geometry":{"type":"Polygon","coordinates":[[[-121.7539,45.3335],[-121.678,45.3114],[-121.6008,45.2747],[-121.4845,45.2502],[-121.2775,45.2992],[-121.1479,45.3235],[-121.0509,45.347],[-120.9309,45.358],[-120.8069,45.4103],[-120.7573,45.4599],[-120.7325,45.5307],[-120.779,45.5833],[-120.8813,45.6335],[-121.0239,45.6893],[-121.1727,45.7327],[-121.3339,45.7513],[-121.4579,45.7761],[-121.6563,45.8071],[-121.8299,45.8381],[-121.9043,45.8691],[-121.9973,45.9249],[-122.0531,45.9497],[-122.1299,45.9593],[-122.2267,45.9593],[-122.3161,45.9716],[-122.4606,45.9777],[-122.6794,45.9745],[-122.8406,45.9745],[-123.0595,45.925],[-123.194,45.8381],[-123.2622,45.7017],[-123.3118,45.5219],[-123.3657,45.3739],[-123.411,45.2491],[-123.4606,45.0817],[-123.4916,44.8832],[-123.3986,44.691],[-123.2994,44.6724],[-123.2163,44.6721],[-123.073,44.7309],[-122.9174,44.8828],[-122.8819,45.0518],[-122.8611,45.1633],[-122.8256,45.3114],[-122.768,45.44],[-122.6422,45.4785],[-122.4376,45.4785],[-122.2515,45.4599],[-122.0035,45.4041],[-121.8795,45.3731],[-121.8152,45.3592],[-121.7539,45.3335]]]},"properties":{"density":"Heavy"}},{"type":"Feature","geometry":{"type":"Polygon","coordinates":[[[-121.1537,44.5794],[-121.2557,44.471],[-121.2943,44.4186],[-121.2722,44.3387],[-121.173,44.2615],[-121.0077,44.2312],[-120.812,44.2147],[-120.6522,44.223],[-120.4868,44.2698],[-120.4069,44.3525],[-120.3454,44.4287],[-120.2443,44.5077],[-120.1176,44.5729],[-119.9963,44.6418],[-119.8475,44.7061],[-119.6353,44.7493],[-119.5058,44.7824],[-119.4342,44.8127],[-119.3708,44.8788],[-119.3625,44.978],[-119.4121,45.0386],[-119.5224,45.0965],[-119.5995,45.1296],[-119.7538,45.1461],[-119.9963,45.1296],[-120.2967,45.0772],[-120.4152,45.0331],[-120.485,45.0037],[-120.5309,44.9854],[-120.5915,44.9578],[-120.6797,44.9009],[-120.7606,44.8494],[-120.8341,44.7998],[-120.9167,44.7576],[-121.0086,44.708],[-121.1537,44.5794]]]},"properties":{"density":"Heavy"}},{"type":"Feature","geometry":{"type":"Polygon","coordinates":[[[-116.8686,42.8444],[-116.9072,42.8279],[-116.9201,42.8022],[-116.909,42.7562],[-116.8888,42.7213],[-116.876,42.6956],[-116.8815,42.6717],[-116.8944,42.6589],[-116.9146,42.635],[-116.9403,42.6038],[-116.9605,42.5707],[-116.9733,42.5137],[-116.9642,42.466],[-116.9458,42.3925],[-116.9146,42.3411],[-116.8576,42.3025],[-116.7915,42.2749],[-116.7437,42.2657],[-116.6666,42.2768],[-116.6335,42.2841],[-116.571,42.3043],[-116.5288,42.319],[-116.5012,42.3282],[-116.4645,42.3264],[-116.4204,42.3264],[-116.3946,42.3227],[-116.3506,42.3209],[-116.3083,42.319],[-116.2477,42.3172],[-116.2311,42.3429],[-116.2348,42.3668],[-116.2807,42.387],[-116.3487,42.4164],[-116.3946,42.4366],[-116.4626,42.4733],[-116.4718,42.4844],[-116.4939,42.5156],[-116.4975,42.5376],[-116.4975,42.5597],[-116.4957,42.5872],[-116.4792,42.6166],[-116.4516,42.635],[-116.4387,42.635],[-116.3965,42.6442],[-116.3285,42.6442],[-116.2863,42.6479],[-116.222,42.6552],[-116.1264,42.6699],[-116.1117,42.6754],[-116.1081,42.6975],[-116.1319,42.7287],[-116.1834,42.7581],[-116.2807,42.7912],[-116.3487,42.8114],[-116.4369,42.8297],[-116.5398,42.8499],[-116.6096,42.8628],[-116.6978,42.8701],[-116.7474,42.8683],[-116.7841,42.8646],[-116.8356,42.8555],[-116.8686,42.8444]]]},"properties":{"density":"Heavy"}},{"type":"Feature","geometry":{"type":"Polygon","coordinates":[[[-118.624,45.7979],[-118.6543,45.7456],[-118.6681,45.7042],[-118.6157,45.6491],[-118.5276,45.6106],[-118.4173,45.5858],[-118.3154,45.5747],[-118.1969,45.572],[-118.0894,45.594],[-118.0508,45.6491],[-118.0288,45.6877],[-118.0233,45.7373],[-118.0481,45.7787],[-118.0811,45.8338],[-118.1335,45.8971],[-118.1913,45.9385],[-118.274,45.9523],[-118.3594,45.9219],[-118.4504,45.8806],[-118.4972,45.8613],[-118.5689,45.8338],[-118.624,45.7979]]]},"properties":{"density":"Heavy"}},{"type":"Feature","geometry":{"type":"Polygon","coordinates":[[[-118.0949,46.1865],[-118.128,46.1314],[-118.1445,46.09],[-118.1473,46.0735],[-118.1473,46.0184],[-118.1142,45.9688],[-118.0508,45.9523],[-117.9709,45.9633],[-117.9213,46.0019],[-117.8965,46.0515],[-117.8937,46.0956],[-117.9296,46.1424],[-117.9792,46.1865],[-118.0288,46.2113],[-118.0618,46.2085],[-118.0949,46.1865]]]},"properties":{"density":"Heavy"}},{"type":"Feature","geometry":{"type":"Polygon","coordinates":[[[-118.613,48.442],[-118.6157,48.4145],[-118.6212,48.3649],[-118.6268,48.3152],[-118.6047,48.2712],[-118.5716,48.2298],[-118.5193,48.1968],[-118.4559,48.1554],[-118.4146,48.1416],[-118.3815,48.1306],[-118.3594,48.1251],[-118.3209,48.1224],[-118.2658,48.1279],[-118.2327,48.1389],[-118.1913,48.1775],[-118.139,48.2243],[-118.1059,48.2464],[-118.0894,48.2822],[-118.0894,48.318],[-118.1032,48.3621],[-118.1445,48.4117],[-118.2244,48.4641],[-118.3071,48.5026],[-118.3925,48.5164],[-118.4779,48.5247],[-118.5358,48.5192],[-118.5744,48.4971],[-118.5799,48.4944],[-118.613,48.442]]]},"properties":{"density":"Heavy"}},{"type":"Feature","geometry":{"type":"Polygon","coordinates":[[[-120.6026,49.5594],[-120.6687,49.4726],[-120.7224,49.3238],[-120.7472,49.1585],[-120.7596,49.0427],[-120.739,48.927],[-120.6728,48.8278],[-120.6108,48.7947],[-120.5447,48.8237],[-120.5034,48.8774],[-120.4248,48.8981],[-120.3794,48.8857],[-120.3794,48.8237],[-120.4579,48.7451],[-120.5199,48.6749],[-120.5571,48.5922],[-120.6274,48.5013],[-120.7059,48.4062],[-120.8506,48.3525],[-120.9291,48.2326],[-120.9415,48.1251],[-120.9746,48.0383],[-121.0573,48.0176],[-121.0903,47.9308],[-121.0903,47.8068],[-121.0449,47.7614],[-120.9291,47.7531],[-120.8423,47.7407],[-120.7962,47.6921],[-120.7596,47.625],[-120.772,47.5299],[-120.7669,47.4431],[-120.7555,47.3687],[-120.7472,47.224],[-120.7059,47.1909],[-120.6121,47.1751],[-120.553,47.1992],[-120.4744,47.2405],[-120.3918,47.2447],[-120.3546,47.1909],[-120.3587,47.1248],[-120.3504,46.9925],[-120.2967,46.8065],[-120.1768,46.7156],[-120.0322,46.6742],[-119.9205,46.7114],[-119.8627,46.8231],[-119.8916,47.0008],[-119.9288,47.1537],[-119.8833,47.2901],[-119.7676,47.3645],[-119.6973,47.4596],[-119.6395,47.5919],[-119.5857,47.7531],[-119.532,47.8812],[-119.4493,47.9598],[-119.3749,48.0342],[-119.3088,48.1251],[-119.2633,48.2243],[-119.255,48.4062],[-119.255,48.6459],[-119.284,48.8319],[-119.3088,49.0055],[-119.3542,49.1916],[-119.4204,49.3321],[-119.5113,49.4354],[-119.6436,49.5264],[-119.7511,49.5677],[-119.8255,49.5884],[-119.9164,49.6132],[-120.0363,49.6338],[-120.2016,49.6421],[-120.4124,49.6132],[-120.5282,49.6008],[-120.6026,49.5594]]]},"properties":{"density":"Heavy"}},{"type":"Feature","geometry":{"type":"Polygon","coordinates":[[[-121.0297,49.2343],[-121.0655,49.2315],[-121.1096,49.2315],[-121.184,49.226],[-121.2281,49.226],[-121.3053,49.2646],[-121.3962,49.3417],[-121.4486,49.3693],[-121.4844,49.3445],[-121.4899,49.2894],[-121.4761,49.2453],[-121.421,49.1681],[-121.3659,49.113],[-121.3439,49.0607],[-121.3411,48.9752],[-121.3301,48.8843],[-121.2639,48.7493],[-121.2088,48.7272],[-121.1813,48.7272],[-121.0986,48.7327],[-121.0104,48.7741],[-120.9553,48.8292],[-120.8837,48.9036],[-120.8671,48.9532],[-120.8506,49.0055],[-120.8285,49.0772],[-120.8175,49.1268],[-120.8478,49.1957],[-120.9167,49.2343],[-120.9663,49.2425],[-121.0297,49.2343]]]},"properties":{"density":"Heavy"}},{"type":"Feature","geometry":{"type":"Polygon","coordinates":[[[-121.5037,50.1244],[-121.5395,50.1106],[-121.5505,50.0637],[-121.534,50.0059],[-121.5285,49.937],[-121.5285,49.8598],[-121.5147,49.7661],[-121.4927,49.6972],[-121.4375,49.6559],[-121.3411,49.6311],[-121.297,49.6421],[-121.2419,49.6752],[-121.2006,49.711],[-121.1565,49.7275],[-121.0848,49.7634],[-121.0297,49.8075],[-121.0022,49.8626],[-120.9911,49.9315],[-120.9994,49.9811],[-121.049,50.0444],[-121.1041,50.0692],[-121.1317,50.061],[-121.173,50.0362],[-121.2364,50.0059],[-121.308,50.0114],[-121.3742,50.0362],[-121.4486,50.1023],[-121.5037,50.1244]]]},"properties":{"density":"Heavy"}},{"type":"Feature","geometry":{"type":"Polygon","coordinates":[[[-121.9734,50.7539],[-122.0025,50.7499],[-122.0383,50.7306],[-122.0521,50.6782],[-122.0107,50.6011],[-121.9749,50.5515],[-121.917,50.4991],[-121.8674,50.4909],[-121.8233,50.4964],[-121.8013,50.5377],[-121.793,50.5846],[-121.8093,50.6449],[-121.8426,50.6893],[-121.8729,50.7223],[-121.933,50.7539],[-121.9734,50.7539]]]},"properties":{"density":"Heavy"}},{"type":"Feature","geometry":{"type":"Polygon","coordinates":[[[-122.8361,51.6019],[-122.9023,51.533],[-122.9133,51.4476],[-122.8664,51.3539],[-122.8361,51.3098],[-122.8224,51.263],[-122.8083,51.203],[-122.7753,51.1397],[-122.6993,51.116],[-122.6313,51.1362],[-122.5137,51.1619],[-122.4005,51.1727],[-122.3151,51.1479],[-122.2489,51.1314],[-122.1828,51.0846],[-122.1249,51.0487],[-122.0726,50.9743],[-122.0367,50.9054],[-122.0037,50.8613],[-121.9679,50.8365],[-121.9072,50.8035],[-121.8439,50.7759],[-121.786,50.7952],[-121.7412,50.8166],[-121.6923,50.798],[-121.6895,50.7566],[-121.662,50.6574],[-121.6213,50.5562],[-121.5676,50.5065],[-121.4891,50.4528],[-121.2969,50.4011],[-121.2287,50.4011],[-121.1005,50.4032],[-120.9558,50.4363],[-120.8236,50.5148],[-120.7202,50.5314],[-120.621,50.4383],[-120.59,50.3515],[-120.59,50.2337],[-120.6148,50.1407],[-120.6252,49.9403],[-120.5797,49.8328],[-120.5011,49.7873],[-120.3937,49.7915],[-120.2118,49.8803],[-120.0754,49.9175],[-119.8811,49.9237],[-119.7943,49.8865],[-119.7468,49.8183],[-119.6848,49.7749],[-119.5856,49.7005],[-119.4058,49.6633],[-119.2508,49.7005],[-119.195,49.7439],[-119.1702,49.8741],[-119.1702,49.9609],[-119.1205,50.0684],[-119.0089,50.1965],[-118.978,50.2771],[-118.9899,50.361],[-119.0028,50.4507],[-119.0461,50.5562],[-119.1495,50.6099],[-119.2446,50.6306],[-119.3996,50.6616],[-119.5339,50.6926],[-119.567,50.767],[-119.5794,50.891],[-119.6579,50.9552],[-119.7158,50.9654],[-119.7805,50.9568],[-119.877,50.924],[-119.9886,50.9406],[-120.156,51.0646],[-120.1911,51.2134],[-120.1436,51.3746],[-120.0816,51.48],[-120.063,51.6226],[-120.2366,51.79],[-120.4784,51.9388],[-120.6706,51.9946],[-120.8814,52.0442],[-120.9806,52.0628],[-121.1232,52.0752],[-121.2287,52.0628],[-121.365,52.0256],[-121.4271,51.9884],[-121.4953,51.8768],[-121.5697,51.821],[-121.6999,51.7404],[-121.7945,51.7232],[-121.9479,51.697],[-122.1339,51.6722],[-122.3199,51.666],[-122.4641,51.6901],[-122.6102,51.6818],[-122.7562,51.6515],[-122.8361,51.6019]]]},"properties":{"density":"Heavy"}},{"type":"Feature","geometry":{"type":"Polygon","coordinates":[[[-120.9461,38.9317],[-120.9709,38.816],[-120.9709,38.6465],[-120.9709,38.5018],[-120.9502,38.3861],[-120.9089,38.2827],[-120.8717,38.2001],[-120.8345,38.1257],[-120.7725,38.0843],[-120.7146,38.0678],[-120.6526,38.0843],[-120.6402,38.1546],[-120.6526,38.2538],[-120.6526,38.3034],[-120.6526,38.3613],[-120.6443,38.4563],[-120.5864,38.5473],[-120.5534,38.6093],[-120.5286,38.7292],[-120.541,38.8449],[-120.5947,38.9565],[-120.7022,39.0226],[-120.7931,39.0516],[-120.8799,39.0474],[-120.9254,38.9854],[-120.9461,38.9317]]]},"properties":{"density":"Heavy"}},{"type":"Feature","geometry":{"type":"Polygon","coordinates":[[[-111.3274,39.4555],[-111.3507,39.4236],[-111.3482,39.3844],[-111.3286,39.3599],[-111.3004,39.344],[-111.2502,39.3465],[-111.1645,39.3599],[-111.0849,39.3624],[-110.9821,39.3636],[-110.9453,39.382],[-110.9343,39.4187],[-110.938,39.4463],[-110.9655,39.4812],[-110.9986,39.4995],[-111.0445,39.5106],[-111.1015,39.5197],[-111.1456,39.5197],[-111.208,39.5179],[-111.2502,39.5106],[-111.2784,39.4983],[-111.3041,39.4787],[-111.3274,39.4555]]]},"properties":{"density":"Heavy"}},{"type":"Feature","geometry":{"type":"Polygon","coordinates":[[[-112.2203,39.0035],[-112.2511,38.9639],[-112.2467,38.9449],[-112.2276,38.941],[-112.1358,38.9594],[-112.0586,38.9594],[-111.9153,38.9521],[-111.8474,38.941],[-111.7335,38.9061],[-111.6398,38.8694],[-111.5038,38.8327],[-111.4267,38.8363],[-111.3789,38.8455],[-111.3513,38.8804],[-111.355,38.9539],[-111.3954,39.0017],[-111.4616,39.0182],[-111.5461,39.0329],[-111.6141,39.0421],[-111.7059,39.0513],[-111.7463,39.0531],[-111.8198,39.0531],[-111.9392,39.0531],[-112.0109,39.0513],[-112.0476,39.0458],[-112.1192,39.0403],[-112.1891,39.0182],[-112.1891,39.0182],[-112.2203,39.0035]]]},"properties":{"density":"Heavy"}},{"type":"Feature","geometry":{"type":"Polygon","coordinates":[[[-111.3041,39.4383],[-111.317,39.4347],[-111.3335,39.4108],[-111.339,39.3814],[-111.3188,39.3704],[-111.2766,39.3593],[-111.2251,39.374],[-111.1608,39.3832],[-111.1204,39.3832],[-111.1204,39.3832],[-111.0928,39.3704],[-111.0635,39.3648],[-111.0377,39.3575],[-111.012,39.3575],[-111.001,39.3667],[-110.9955,39.3832],[-110.9992,39.42],[-111.0139,39.4438],[-111.0506,39.4751],[-111.0873,39.499],[-111.1039,39.499],[-111.1682,39.5118],[-111.1884,39.5118],[-111.2031,39.5081],[-111.2233,39.5008],[-111.2674,39.4769],[-111.2839,39.464],[-111.3041,39.4383]]]},"properties":{"density":"Heavy"}},{"type":"Feature","geometry":{"type":"Polygon","coordinates":[[[-122.81,43.1146],[-122.8555,43.0691],[-122.8514,42.9988],[-122.81,42.9616],[-122.7108,42.9492],[-122.5785,42.9864],[-122.4917,43.0526],[-122.4132,43.1228],[-122.3388,43.189],[-122.3099,43.2634],[-122.314,43.3171],[-122.3719,43.3461],[-122.4339,43.3461],[-122.5165,43.3171],[-122.6323,43.2427],[-122.6736,43.2138],[-122.7356,43.1683],[-122.7769,43.1352],[-122.81,43.1146]]]},"properties":{"density":"Heavy"}},{"type":"Feature","geometry":{"type":"Polygon","coordinates":[[[-117.0182,44.5785],[-117.0486,44.5648],[-117.0623,44.54],[-117.0486,44.4959],[-116.9797,44.4959],[-116.897,44.4904],[-116.8309,44.4904],[-116.7344,44.4931],[-116.6269,44.5041],[-116.558,44.5317],[-116.5139,44.562],[-116.5195,44.6199],[-116.5498,44.6557],[-116.6435,44.675],[-116.6931,44.6695],[-116.7785,44.6529],[-116.8501,44.6337],[-116.9218,44.6033],[-116.9604,44.5923],[-117.0182,44.5785]]]},"properties":{"density":"Heavy"}},{"type":"Feature","geometry":{"type":"Polygon","coordinates":[[[-119.7788,51.5934],[-119.7971,51.6062],[-119.8504,51.6099],[-119.8706,51.5805],[-119.8633,51.5328],[-119.8357,51.4887],[-119.8081,51.4483],[-119.7604,51.3968],[-119.7383,51.3821],[-119.7034,51.3693],[-119.6796,51.3729],[-119.6704,51.417],[-119.6814,51.4721],[-119.6924,51.496],[-119.72,51.5328],[-119.7347,51.5585],[-119.7383,51.564],[-119.7788,51.5934]]]},"properties":{"density":"Heavy"}},{"type":"Feature","geometry":{"type":"Polygon","coordinates":[[[-118.3907,50.0856],[-118.4253,50.0635],[-118.4363,50.0167],[-118.4078,49.9913],[-118.3711,49.9655],[-118.2902,49.945],[-118.2241,49.9423],[-118.1855,49.9643],[-118.1607,50.0001],[-118.1745,50.036],[-118.202,50.0718],[-118.2324,50.0883],[-118.2939,50.1027],[-118.3453,50.1015],[-118.3907,50.0856]]]},"properties":{"density":"Heavy"}},{"type":"Feature","geometry":{"type":"Polygon","coordinates":[[[-116.6252,48.9893],[-116.657,48.9746],[-116.6809,48.955],[-116.6993,48.9256],[-116.6974,48.909],[-116.6809,48.8796],[-116.6405,48.8631],[-116.5927,48.8576],[-116.5339,48.8594],[-116.466,48.8907],[-116.4402,48.9164],[-116.4347,48.9568],[-116.4623,48.9807],[-116.4935,48.9935],[-116.556,49.0027],[-116.5958,48.9991],[-116.6252,48.9893]]]},"properties":{"density":"Heavy"}},{"type":"Feature","geometry":{"type":"Polygon","coordinates":[[[-115.1736,46.2989],[-115.2024,46.2884],[-115.2189,46.2682],[-115.23,46.2462],[-115.2263,46.2058],[-115.23,46.1562],[-115.263,46.1231],[-115.3108,46.1158],[-115.3732,46.1231],[-115.4669,46.1415],[-115.5202,46.1488],[-115.5606,46.1415],[-115.5717,46.1066],[-115.5551,46.0772],[-115.5055,46.0459],[-115.4486,46.0239],[-115.3463,46.0037],[-115.2275,45.9988],[-115.1252,46.011],[-115.0885,46.0368],[-115.0517,46.0698],[-115.0389,46.1121],[-115.037,46.1617],[-115.0524,46.2033],[-115.072,46.2388],[-115.0922,46.2627],[-115.1111,46.2854],[-115.1381,46.2964],[-115.1736,46.2989]]]},"properties":{"density":"Heavy"}},{"type":"Feature","geometry":{"type":"Polygon","coordinates":[[[-113.3524,45.6011],[-113.38,45.5937],[-113.3928,45.5661],[-113.3855,45.5404],[-113.3432,45.5257],[-113.2973,45.5092],[-113.2403,45.489],[-113.1797,45.4706],[-113.1485,45.4578],[-113.1044,45.4467],[-113.0272,45.4412],[-112.9703,45.4467],[-112.928,45.478],[-112.9244,45.5257],[-112.9519,45.568],[-112.9923,45.5974],[-113.0805,45.6102],[-113.1338,45.6176],[-113.1907,45.6139],[-113.2881,45.6066],[-113.3212,45.6029],[-113.3524,45.6011]]]},"properties":{"density":"Heavy"}},{"type":"Feature","geometry":{"type":"Polygon","coordinates":[[[-113.1705,45.7131],[-113.1889,45.6984],[-113.2018,45.6709],[-113.1687,45.6231],[-113.1026,45.6139],[-113.0621,45.6268],[-112.9905,45.6249],[-112.9152,45.6249],[-112.8766,45.6139],[-112.8049,45.5974],[-112.7553,45.579],[-112.68,45.5808],[-112.6378,45.6029],[-112.6065,45.6819],[-112.6286,45.7315],[-112.6855,45.7756],[-112.7921,45.8031],[-112.8674,45.8031],[-112.9666,45.7903],[-113.0327,45.7682],[-113.0824,45.7499],[-113.1136,45.7388],[-113.1705,45.7131]]]},"properties":{"density":"Heavy"}},{"type":"Feature","geometry":{"type":"Polygon","coordinates":[[[-113.7088,46.1265],[-113.7345,46.1044],[-113.7566,46.0622],[-113.7253,46.0254],[-113.6757,46.0181],[-113.6316,46.0254],[-113.5747,46.0365],[-113.5031,46.0548],[-113.4535,46.0805],[-113.4259,46.1081],[-113.4002,46.1595],[-113.413,46.2036],[-113.4498,46.2385],[-113.5012,46.2698],[-113.5582,46.2679],[-113.6041,46.2422],[-113.6316,46.2165],[-113.6776,46.1614],[-113.7088,46.1265]]]},"properties":{"density":"Heavy"}},{"type":"Feature","geometry":{"type":"Polygon","coordinates":[[[-94.5893,30.8903],[-94.5825,30.8705],[-94.5825,30.8687],[-94.5476,30.8705],[-94.4925,30.9146],[-94.4411,30.9532],[-94.3841,30.99],[-94.3272,31.0304],[-94.2978,31.0671],[-94.2794,31.1204],[-94.2886,31.159],[-94.318,31.17],[-94.34,31.1663],[-94.3841,31.1406],[-94.4276,31.1043],[-94.4907,31.0543],[-94.5292,31.0102],[-94.5631,30.9646],[-94.5778,30.9279],[-94.5893,30.8903]]]},"properties":{"density":"Heavy"}},{"type":"Feature","geometry":{"type":"Polygon","coordinates":[[[-91.91,34.2334],[-91.927,34.2248],[-91.9303,34.2095],[-91.9237,34.1921],[-91.9123,34.1815],[-91.8796,34.1717],[-91.8396,34.1562],[-91.798,34.1374],[-91.7727,34.1383],[-91.7629,34.1432],[-91.758,34.1595],[-91.7727,34.1815],[-91.8163,34.2058],[-91.8513,34.2224],[-91.877,34.2297],[-91.8898,34.2315],[-91.91,34.2334]]]},"properties":{"density":"Heavy"}},{"type":"Feature","geometry":{"type":"Polygon","coordinates":[[[-123.4494,51.6082],[-123.5796,51.5338],[-123.6974,51.323],[-123.6726,51.1618],[-123.4742,51.0626],[-123.2386,51.0812],[-122.9844,50.9974],[-122.817,50.9974],[-122.5938,51.0533],[-122.3705,51.016],[-122.2404,51.0067],[-122.1566,50.9323],[-122.1194,50.8579],[-122.1101,50.8114],[-122.1287,50.7184],[-122.0822,50.6161],[-121.9799,50.5231],[-121.9241,50.4952],[-121.8404,50.4394],[-121.7474,50.365],[-121.6823,50.3092],[-121.6265,50.2441],[-121.5707,50.1232],[-121.5521,49.9465],[-121.5335,49.7698],[-121.5242,49.7512],[-121.4405,49.6489],[-121.301,49.6024],[-121.1336,49.5931],[-120.9848,49.6303],[-120.9011,49.6365],[-120.8577,49.5745],[-120.8918,49.4908],[-121.0127,49.3792],[-121.1243,49.3513],[-121.2545,49.2118],[-121.3196,49.1188],[-121.3568,48.97],[-121.3568,48.8491],[-121.3196,48.784],[-121.2824,48.7561],[-121.1429,48.7561],[-121.0313,48.7747],[-120.9259,48.8801],[-120.8205,48.9049],[-120.7585,48.8491],[-120.7213,48.7685],[-120.7337,48.6816],[-120.8453,48.4863],[-120.8918,48.3654],[-120.9476,48.1887],[-120.9476,48.0864],[-120.9259,47.9438],[-120.8732,47.7888],[-120.7244,47.5656],[-120.5756,47.4261],[-120.4454,47.2866],[-120.2966,47.175],[-120.1385,47.0882],[-119.9711,47.0634],[-119.7478,47.1657],[-119.5618,47.2959],[-119.3944,47.4075],[-119.2456,47.5842],[-119.0534,47.6648],[-118.9232,47.7392],[-118.8116,47.795],[-118.7062,47.8508],[-118.6504,47.9376],[-118.6566,48.0368],[-118.731,48.0926],[-118.8798,48.198],[-118.979,48.353],[-118.9828,48.4829],[-118.9046,48.5452],[-118.7744,48.5142],[-118.6938,48.5452],[-118.6628,48.6444],[-118.6318,48.7623],[-118.7543,48.9241],[-118.8271,49.1467],[-118.9015,49.3141],[-119.134,49.5373],[-119.2642,49.7512],[-119.2642,49.8721],[-119.1526,50.0209],[-118.8922,50.1139],[-118.6783,50.0488],[-118.4737,49.9651],[-118.3063,49.8442],[-118.1389,49.807],[-117.8692,49.7977],[-117.6739,49.9186],[-117.5808,50.086],[-117.5995,50.3092],[-117.6646,50.4301],[-117.8413,50.5324],[-118.0366,50.5882],[-118.204,50.6998],[-118.3714,50.7835],[-118.4737,50.9509],[-118.5295,51.0719],[-118.5295,51.3416],[-118.5667,51.6671],[-118.6628,51.8221],[-118.8488,52.0081],[-119.0131,52.1228],[-119.1929,52.2313],[-119.4688,52.2995],[-119.6579,52.2964],[-119.906,52.3088],[-120.2439,52.315],[-120.3803,52.346],[-120.4175,52.4266],[-120.3555,52.5754],[-120.3989,52.6808],[-120.6314,52.811],[-120.8143,52.8668],[-120.9755,52.8916],[-121.2235,52.9102],[-121.4653,52.904],[-121.6637,52.8854],[-121.8125,52.8048],[-121.9551,52.6932],[-122.0791,52.563],[-122.1659,52.4452],[-122.2961,52.3708],[-122.4822,52.3336],[-122.6372,52.2592],[-122.6992,52.0918],[-122.7178,51.974],[-122.7178,51.8314],[-122.817,51.7012],[-122.9286,51.6578],[-123.127,51.695],[-123.4494,51.6082]]]},"properties":{"density":"Heavy"}},{"type":"Feature","geometry":{"type":"Polygon","coordinates":[[[-118.4513,48.8263],[-118.5064,48.7657],[-118.5419,48.6599],[-118.5419,48.5855],[-118.5605,48.5018],[-118.5047,48.2786],[-118.4489,48.1856],[-118.3852,48.1016],[-118.2391,48.0327],[-118.1124,48.0327],[-118.0131,48.0465],[-117.8698,48.063],[-117.7762,48.176],[-117.7183,48.2779],[-117.7348,48.3744],[-117.7789,48.4571],[-117.7927,48.5425],[-117.8165,48.6506],[-117.9095,48.7437],[-118.0025,48.8274],[-118.0986,48.8649],[-118.2257,48.8925],[-118.3025,48.9007],[-118.3796,48.8814],[-118.4513,48.8263]]]},"properties":{"density":"Heavy"}},{"type":"Feature","geometry":{"type":"Polygon","coordinates":[[[-123.1067,45.946],[-123.2059,45.8157],[-123.2927,45.6545],[-123.3361,45.5057],[-123.3981,45.3135],[-123.4477,45.1027],[-123.4787,44.9105],[-123.4973,44.7493],[-123.5097,44.5509],[-123.4725,44.3339],[-123.4105,44.1913],[-123.3671,44.0983],[-123.2617,44.0239],[-123.1439,43.9805],[-123.0385,44.0115],[-122.9145,44.1107],[-122.8401,44.2161],[-122.7719,44.3731],[-122.7429,44.5096],[-122.7099,44.6625],[-122.6479,44.8196],[-122.5982,44.9787],[-122.5362,45.1709],[-122.437,45.3135],[-122.3254,45.4437],[-122.2386,45.5305],[-122.1022,45.6359],[-121.9596,45.6917],[-121.7798,45.7165],[-121.6558,45.7289],[-121.507,45.7227],[-121.4698,45.6545],[-121.5194,45.5491],[-121.6496,45.4809],[-121.724,45.4127],[-121.7736,45.2887],[-121.6992,45.1957],[-121.6496,45.1833],[-121.507,45.1709],[-121.383,45.1709],[-121.197,45.2205],[-120.9428,45.2763],[-120.6948,45.3817],[-120.5149,45.4313],[-120.453,45.4375],[-120.3847,45.4747],[-120.2917,45.4747],[-119.9693,45.5305],[-119.8949,45.5367],[-119.7771,45.5119],[-119.6841,45.4747],[-119.6345,45.4313],[-119.6221,45.3755],[-119.6593,45.2701],[-119.7957,45.1027],[-119.8763,44.9849],[-120.0313,44.8981],[-120.2049,44.8237],[-120.3165,44.7679],[-120.4095,44.7183],[-120.5149,44.6811],[-120.5956,44.6191],[-120.6886,44.5571],[-120.7134,44.4579],[-120.6762,44.3401],[-120.5852,44.3277],[-120.4488,44.3483],[-120.3551,44.3917],[-120.2587,44.4441],[-120.1057,44.4951],[-120.0134,44.4965],[-119.9445,44.4524],[-119.9363,44.3752],[-119.8949,44.3201],[-119.8178,44.2898],[-119.7213,44.3111],[-119.6304,44.3607],[-119.5105,44.4104],[-119.3183,44.4331],[-119.0455,44.4331],[-118.8967,44.4951],[-118.8595,44.5881],[-118.7975,44.7307],[-118.7706,44.8602],[-118.6962,44.9704],[-118.6053,45.0118],[-118.495,45.0173],[-118.4069,44.9932],[-118.3049,44.9346],[-118.2167,44.8519],[-118.0459,44.7996],[-117.8667,44.7831],[-117.7097,44.7941],[-117.5512,44.8113],[-117.3342,44.8051],[-117.2102,44.7927],[-117.018,44.7865],[-116.9312,44.7927],[-116.7886,44.8299],[-116.677,44.9043],[-116.553,44.9787],[-116.4848,45.0717],[-116.4848,45.1523],[-116.6336,45.1771],[-116.8444,45.1213],[-117.0242,45.0841],[-117.1792,45.0655],[-117.359,45.0841],[-117.483,45.1337],[-117.6256,45.1709],[-117.7455,45.2123],[-117.8798,45.2267],[-117.9894,45.2081],[-118.0658,45.2143],[-118.1402,45.3073],[-118.103,45.4127],[-117.9746,45.4841],[-117.8798,45.5367],[-117.7744,45.6669],[-117.7434,45.7289],[-117.7558,45.8219],[-117.793,45.8591],[-117.9046,45.8653],[-118.0038,45.9025],[-118.1217,45.9273],[-118.2084,45.9584],[-118.2746,45.9894],[-118.3387,46.008],[-118.4193,46.0266],[-118.5722,46.0679],[-118.7169,46.0968],[-118.8285,46.0886],[-118.9649,46.0576],[-119.1013,46.0266],[-119.308,46.0018],[-119.5684,46.0018],[-119.7668,46.0224],[-119.9487,46.0844],[-120.0768,46.1051],[-120.2049,46.1423],[-120.3868,46.1588],[-120.5356,46.1506],[-120.6638,46.1299],[-120.7795,46.1092],[-120.8787,46.0948],[-121.0151,46.0803],[-121.1784,46.1072],[-121.2652,46.1196],[-121.3582,46.1568],[-121.5504,46.194],[-121.7488,46.225],[-121.9472,46.2498],[-122.1394,46.2498],[-122.3564,46.2436],[-122.5362,46.2312],[-122.6851,46.2064],[-122.8525,46.1382],[-123.0137,46.0452],[-123.1067,45.946]]]},"properties":{"density":"Heavy"}},{"type":"Feature","geometry":{"type":"Polygon","coordinates":[[[-117.8027,46.3028],[-117.8082,46.3028],[-117.8964,46.267],[-117.9267,46.2449],[-117.9653,46.2036],[-118.0038,46.1402],[-118.0424,46.0824],[-118.0452,46.0493],[-118.0479,46.008],[-117.9928,45.9639],[-117.8936,45.9528],[-117.833,45.9418],[-117.7393,45.9363],[-117.6594,45.9556],[-117.6208,46.008],[-117.607,46.052],[-117.6153,46.1099],[-117.6153,46.154],[-117.607,46.2036],[-117.596,46.256],[-117.6015,46.3111],[-117.6401,46.3414],[-117.6676,46.3524],[-117.7421,46.3359],[-117.8027,46.3028]]]},"properties":{"density":"Heavy"}},{"type":"Feature","geometry":{"type":"Polygon","coordinates":[[[-117.0348,44.5663],[-117.0531,44.5608],[-117.0568,44.5314],[-117.0311,44.4891],[-116.987,44.4524],[-116.9374,44.4138],[-116.9209,44.3862],[-116.8658,44.3403],[-116.8253,44.3109],[-116.7519,44.276],[-116.7078,44.265],[-116.6214,44.2503],[-116.5626,44.2558],[-116.5057,44.2632],[-116.4763,44.2925],[-116.4524,44.3274],[-116.434,44.3715],[-116.4377,44.4303],[-116.4616,44.4946],[-116.5314,44.5479],[-116.5792,44.5773],[-116.6324,44.592],[-116.7096,44.5993],[-116.8161,44.6067],[-116.8713,44.6122],[-116.9209,44.6085],[-116.9502,44.603],[-116.987,44.5902],[-117.0348,44.5663]]]},"properties":{"density":"Heavy"}},{"type":"Feature","geometry":{"type":"Polygon","coordinates":[[[-116.8663,42.9191],[-116.9123,42.8934],[-116.9343,42.8567],[-116.9361,42.8107],[-116.8994,42.7556],[-116.8755,42.7373],[-116.8608,42.6987],[-116.8627,42.6785],[-116.87,42.6601],[-116.881,42.6307],[-116.9031,42.6068],[-116.9123,42.5829],[-116.9306,42.5627],[-116.9563,42.537],[-116.9784,42.5021],[-116.9821,42.458],[-116.9876,42.3992],[-116.9747,42.3515],[-116.9325,42.3019],[-116.8792,42.2835],[-116.8296,42.2761],[-116.7836,42.2725],[-116.6955,42.2559],[-116.5779,42.2376],[-116.4732,42.2302],[-116.3979,42.2265],[-116.3262,42.2265],[-116.2031,42.2155],[-116.0268,42.2173],[-115.8632,42.2376],[-115.8155,42.2559],[-115.7806,42.2743],[-115.742,42.3074],[-115.7273,42.3606],[-115.7328,42.4231],[-115.7218,42.4543],[-115.7032,42.4792],[-115.674,42.4892],[-115.6005,42.4948],[-115.5216,42.5021],[-115.4536,42.5039],[-115.3397,42.4984],[-115.2056,42.4966],[-115.0641,42.4837],[-115.0182,42.4948],[-114.9667,42.5462],[-114.9318,42.6527],[-114.9465,42.7519],[-114.9906,42.8493],[-115.1082,42.9044],[-115.3452,42.943],[-115.4481,42.9559],[-115.5565,42.9632],[-115.7347,42.9889],[-115.8743,43.0055],[-116.1388,43.0238],[-116.3574,43.0147],[-116.5062,42.9944],[-116.6422,42.9669],[-116.8057,42.9375],[-116.8663,42.9191]]]},"properties":{"density":"Heavy"}},{"type":"Feature","geometry":{"type":"Polygon","coordinates":[[[-110.4809,42.8461],[-110.5144,42.8216],[-110.522,42.7772],[-110.5095,42.7457],[-110.4483,42.7171],[-110.3429,42.6991],[-110.2621,42.6881],[-110.1715,42.6461],[-110.1151,42.6216],[-110.0416,42.5791],[-109.9902,42.5179],[-109.9302,42.4615],[-109.8494,42.4358],[-109.76,42.4211],[-109.6669,42.4432],[-109.5897,42.4811],[-109.5383,42.4934],[-109.4858,42.4989],[-109.3811,42.4741],[-109.308,42.4481],[-109.2419,42.4199],[-109.1904,42.4248],[-109.1537,42.4407],[-109.1194,42.4652],[-109.0559,42.4631],[-109.0008,42.4383],[-108.9553,42.3893],[-108.9137,42.3562],[-108.8512,42.3182],[-108.8096,42.3158],[-108.7655,42.3464],[-108.7691,42.4064],[-108.8144,42.464],[-108.863,42.5072],[-108.921,42.5632],[-108.9761,42.6171],[-109.0557,42.6624],[-109.1794,42.6783],[-109.3012,42.7111],[-109.4472,42.7579],[-109.5437,42.7745],[-109.6815,42.7993],[-109.8909,42.8268],[-110.0728,42.8489],[-110.1885,42.8626],[-110.3373,42.8626],[-110.4238,42.8559],[-110.4809,42.8461]]]},"properties":{"density":"Heavy"}},{"type":"Feature","geometry":{"type":"Polygon","coordinates":[[[-115.0173,46.3826],[-115.06,46.3592],[-115.0904,46.3344],[-115.1069,46.3041],[-115.1151,46.2793],[-115.1069,46.2297],[-115.1041,46.2242],[-115.1179,46.1911],[-115.1372,46.1773],[-115.1735,46.1346],[-115.1785,46.0836],[-115.1537,46.0561],[-115.0766,46.0285],[-115.0159,46.0065],[-114.9636,45.9761],[-114.9126,45.9141],[-114.8391,45.9013],[-114.7491,45.9288],[-114.6921,45.9674],[-114.637,46.0464],[-114.5838,46.107],[-114.5365,46.1442],[-114.4731,46.1718],[-114.3987,46.2104],[-114.3298,46.2517],[-114.2719,46.2903],[-114.2416,46.3344],[-114.2333,46.3675],[-114.2416,46.406],[-114.2857,46.4336],[-114.3408,46.4667],[-114.4846,46.4781],[-114.5916,46.4667],[-114.7101,46.4584],[-114.812,46.4419],[-114.8782,46.4336],[-114.9659,46.412],[-115.0173,46.3826]]]},"properties":{"density":"Heavy"}},{"type":"Feature","geometry":{"type":"Polygon","coordinates":[[[-113.6905,46.1332],[-113.7208,46.1194],[-113.7621,46.0809],[-113.7704,46.0423],[-113.7483,46.0147],[-113.685,45.9927],[-113.5752,45.9784],[-113.47,45.9761],[-113.3515,45.9734],[-113.2372,45.9619],[-113.0567,45.9348],[-112.912,45.9197],[-112.8087,45.9293],[-112.6406,45.9293],[-112.5524,45.9155],[-112.4858,45.8682],[-112.4013,45.8517],[-112.3315,45.8517],[-112.2741,45.8604],[-112.2189,45.8797],[-112.2024,45.9403],[-112.2355,45.9954],[-112.3071,46.045],[-112.3737,46.063],[-112.4724,46.0891],[-112.5501,46.0997],[-112.6107,46.0905],[-112.6603,46.0905],[-112.7044,46.1089],[-112.74,46.1576],[-112.7944,46.1787],[-112.8954,46.1971],[-113.013,46.2026],[-113.1343,46.2099],[-113.2721,46.2007],[-113.3952,46.1989],[-113.4705,46.186],[-113.561,46.1663],[-113.6243,46.1498],[-113.6905,46.1332]]]},"properties":{"density":"Heavy"}},{"type":"Feature","geometry":{"type":"Polygon","coordinates":[[[-113.1802,45.7708],[-113.2114,45.747],[-113.2353,45.7231],[-113.2523,45.673],[-113.2909,45.6344],[-113.3405,45.6207],[-113.3846,45.6069],[-113.4094,45.5766],[-113.4121,45.5132],[-113.3708,45.4719],[-113.2468,45.4443],[-113.1269,45.4328],[-113.0093,45.4218],[-112.8422,45.4034],[-112.6709,45.3534],[-112.5441,45.3203],[-112.4288,45.2803],[-112.3071,45.2294],[-112.1441,45.1517],[-112.0191,45.0911],[-111.9181,45.0525],[-111.8336,45.0433],[-111.7505,45.0144],[-111.665,44.9731],[-111.5929,44.9791],[-111.5709,45.0287],[-111.5769,45.1191],[-111.6347,45.1798],[-111.7698,45.2817],[-111.8469,45.3175],[-111.9268,45.3534],[-111.9714,45.3814],[-111.9916,45.4163],[-111.9824,45.4494],[-111.9383,45.4806],[-111.8768,45.4722],[-111.8171,45.4291],[-111.7381,45.4071],[-111.6811,45.4071],[-111.6352,45.4255],[-111.6223,45.4659],[-111.6003,45.4971],[-111.5305,45.5155],[-111.4901,45.5192],[-111.4533,45.521],[-111.4147,45.5302],[-111.3909,45.5486],[-111.3702,45.5821],[-111.3817,45.6239],[-111.4225,45.651],[-111.4832,45.6923],[-111.654,45.7419],[-111.8028,45.7722],[-111.9489,45.7888],[-112.1914,45.8108],[-112.359,45.8113],[-112.5721,45.8002],[-112.7375,45.7984],[-112.9102,45.7929],[-113.0424,45.7837],[-113.1361,45.7764],[-113.1802,45.7708]]]},"properties":{"density":"Heavy"}},{"type":"Feature","geometry":{"type":"Polygon","coordinates":[[[-117.2323,50.6041],[-117.2599,50.5821],[-117.2709,50.5352],[-117.2461,50.4911],[-117.2158,50.4498],[-117.1359,50.4085],[-117.0477,50.4002],[-116.9609,50.3919],[-116.8782,50.3671],[-116.7707,50.3382],[-116.6219,50.3093],[-116.5723,50.3134],[-116.469,50.3175],[-116.3946,50.3231],[-116.3092,50.3616],[-116.2513,50.3864],[-116.1934,50.425],[-116.1176,50.4829],[-116.1176,50.549],[-116.1507,50.6069],[-116.1962,50.6193],[-116.3698,50.6441],[-116.4979,50.6565],[-116.6591,50.673],[-116.8245,50.673],[-116.9953,50.662],[-117.1772,50.6262],[-117.2323,50.6041]]]},"properties":{"density":"Heavy"}},{"type":"Feature","geometry":{"type":"Polygon","coordinates":[[[-117.1965,50.9004],[-117.2213,50.8797],[-117.2296,50.8218],[-117.1965,50.7681],[-117.151,50.7433],[-117.0725,50.7392],[-116.8865,50.7888],[-116.8534,50.8012],[-116.7955,50.8342],[-116.7707,50.8632],[-116.7707,50.8921],[-116.8038,50.9334],[-116.8327,50.9458],[-116.8989,50.9458],[-116.9443,50.95],[-117.0105,50.95],[-117.0931,50.9334],[-117.1965,50.9004]]]},"properties":{"density":"Heavy"}},{"type":"Feature","geometry":{"type":"Polygon","coordinates":[[[-116.8493,51.6816],[-116.8947,51.6609],[-116.9278,51.6279],[-116.9402,51.5907],[-116.9278,51.5328],[-116.8906,51.5163],[-116.7831,51.5039],[-116.6839,51.4832],[-116.5723,51.4791],[-116.4276,51.4749],[-116.2913,51.4915],[-116.2086,51.5163],[-116.068,51.5369],[-115.9771,51.57],[-115.9068,51.5824],[-115.8572,51.5989],[-115.7704,51.6196],[-115.6712,51.6527],[-115.6092,51.6568],[-115.5266,51.6775],[-115.4728,51.7147],[-115.4439,51.7849],[-115.4522,51.8428],[-115.4811,51.8759],[-115.5348,51.9007],[-115.6092,51.9131],[-115.7167,51.9172],[-115.9151,51.9172],[-116.0143,51.9089],[-116.1176,51.8841],[-116.283,51.8428],[-116.4442,51.8056],[-116.6178,51.7643],[-116.7087,51.7312],[-116.779,51.7064],[-116.8493,51.6816]]]},"properties":{"density":"Heavy"}},{"type":"Feature","geometry":{"type":"Polygon","coordinates":[[[-114.8471,48.5924],[-114.8912,48.5758],[-114.9022,48.551],[-114.9077,48.5097],[-114.8774,48.4684],[-114.7837,48.4436],[-114.6735,48.4408],[-114.5881,48.4629],[-114.4641,48.4932],[-114.3814,48.5125],[-114.2464,48.5317],[-114.1609,48.5373],[-114.1141,48.529],[-114.059,48.5042],[-114.0149,48.4959],[-113.9928,48.4959],[-113.9212,48.529],[-113.9102,48.6062],[-113.968,48.6833],[-114.0121,48.7191],[-114.1113,48.7329],[-114.2408,48.7329],[-114.3814,48.7329],[-114.4916,48.7164],[-114.657,48.6806],[-114.7506,48.6502],[-114.7782,48.6337],[-114.8471,48.5924]]]},"properties":{"density":"Heavy"}},{"type":"Feature","geometry":{"type":"Polygon","coordinates":[[[-112.2687,39.0699],[-112.2935,38.9983],[-112.31,38.9349],[-112.3459,38.8357],[-112.3734,38.7944],[-112.423,38.8026],[-112.4754,38.7833],[-112.5084,38.7365],[-112.5126,38.6965],[-112.5084,38.6387],[-112.4754,38.6015],[-112.3638,38.5436],[-112.2563,38.5147],[-112.1695,38.4651],[-112.0083,38.4072],[-111.905,38.3659],[-111.8223,38.3204],[-111.7438,38.308],[-111.6776,38.3245],[-111.6032,38.3865],[-111.5536,38.4568],[-111.5123,38.556],[-111.4213,38.5973],[-111.2767,38.5891],[-111.1072,38.5808],[-110.9419,38.6056],[-110.8178,38.5932],[-110.731,38.5519],[-110.6236,38.5477],[-110.5492,38.5725],[-110.4913,38.5891],[-110.4293,38.6345],[-110.368,38.6651],[-110.3012,38.6965],[-110.2226,38.742],[-110.1151,38.7503],[-109.9622,38.7751],[-109.8919,38.8206],[-109.8547,38.9074],[-109.8878,38.9694],[-109.9581,39.0396],[-110.0531,39.0686],[-110.1937,39.0934],[-110.3342,39.1182],[-110.545,39.1512],[-110.7145,39.1719],[-110.7972,39.1843],[-110.8799,39.1884],[-111.008,39.1926],[-111.0948,39.1926],[-111.194,39.1664],[-111.2932,39.1361],[-111.3704,39.1278],[-111.4062,39.1609],[-111.5384,39.1554],[-111.6459,39.1443],[-111.7782,39.1306],[-111.9215,39.1085],[-112.029,39.1003],[-112.1158,39.0892],[-112.1488,39.0892],[-112.2081,39.0837],[-112.2687,39.0699]]]},"properties":{"density":"Heavy"}},{"type":"Feature","geometry":{"type":"Polygon","coordinates":[[[-111.3159,39.4535],[-111.3828,39.4461],[-111.4089,39.4199],[-111.3885,39.3849],[-111.3387,39.3514],[-111.2358,39.3298],[-111.0865,39.3],[-110.884,39.2794],[-110.7062,39.2711],[-110.483,39.2628],[-110.326,39.2587],[-110.1647,39.2298],[-110.0821,39.2008],[-110.0201,39.1636],[-109.9374,39.1223],[-109.8323,39.1191],[-109.7894,39.1632],[-109.7919,39.2134],[-109.8423,39.2794],[-109.9581,39.362],[-110.0614,39.4282],[-110.173,39.4695],[-110.297,39.4902],[-110.3962,39.4943],[-110.6029,39.4902],[-110.8178,39.4902],[-110.9377,39.4819],[-111.0766,39.4694],[-111.2252,39.4535],[-111.3159,39.4535]]]},"properties":{"density":"Heavy"}},{"type":"Feature","geometry":{"type":"Polygon","coordinates":[[[-107.3869,38.2159],[-107.42,38.1773],[-107.4227,38.1195],[-107.4007,38.0809],[-107.3704,38.0506],[-107.318,38.0258],[-107.2353,38.0147],[-107.1251,37.9954],[-106.9818,37.9706],[-106.844,37.9596],[-106.6594,37.9541],[-106.5023,37.9762],[-106.4114,38.0147],[-106.3701,38.0726],[-106.3397,38.1746],[-106.359,38.2683],[-106.4307,38.3206],[-106.596,38.3454],[-106.709,38.3454],[-106.8771,38.3372],[-107.0562,38.3096],[-107.1609,38.2876],[-107.2519,38.2683],[-107.329,38.2379],[-107.3869,38.2159]]]},"properties":{"density":"Heavy"}},{"type":"Feature","geometry":{"type":"Polygon","coordinates":[[[-117.5054,40.0721],[-117.5495,40.0538],[-117.6027,40.0225],[-117.6542,39.9803],[-117.7075,39.9086],[-117.713,39.8149],[-117.6964,39.7121],[-117.6634,39.6349],[-117.6046,39.5522],[-117.5403,39.5081],[-117.4668,39.4732],[-117.3915,39.4351],[-117.3129,39.4186],[-117.2344,39.4227],[-117.2013,39.4806],[-117.2059,39.543],[-117.2261,39.5839],[-117.2427,39.6459],[-117.2468,39.6914],[-117.2303,39.7699],[-117.1931,39.8402],[-117.1747,39.8884],[-117.1889,39.9477],[-117.2303,39.9973],[-117.2675,40.0303],[-117.3272,40.0611],[-117.3713,40.0758],[-117.4117,40.0758],[-117.4493,40.0675],[-117.5054,40.0721]]]},"properties":{"density":"Heavy"}},{"type":"Feature","geometry":{"type":"Polygon","coordinates":[[[-116.041,37.9581],[-116.0667,37.9618],[-116.0998,37.9459],[-116.1457,37.9054],[-116.1782,37.8699],[-116.1978,37.8136],[-116.2119,37.7419],[-116.2155,37.674],[-116.2161,37.6103],[-116.2064,37.5637],[-116.2015,37.5098],[-116.2027,37.4572],[-116.2161,37.4008],[-116.2174,37.3598],[-116.2211,37.3065],[-116.2064,37.2606],[-116.1788,37.2386],[-116.1561,37.2233],[-116.1108,37.2245],[-116.0594,37.2428],[-115.9945,37.2771],[-115.9216,37.2937],[-115.8555,37.2863],[-115.8059,37.2937],[-115.7765,37.3078],[-115.7636,37.3414],[-115.7783,37.3947],[-115.8114,37.437],[-115.8646,37.4902],[-115.8996,37.5288],[-115.9326,37.5858],[-115.9455,37.6188],[-115.9565,37.647],[-115.9528,37.7083],[-115.9326,37.797],[-115.9326,37.8246],[-115.9363,37.8669],[-115.9657,37.9091],[-115.9988,37.9422],[-116.0165,37.9544],[-116.041,37.9581]]]},"properties":{"density":"Heavy"}},{"type":"Feature","geometry":{"type":"Polygon","coordinates":[[[-120.5611,39.6487],[-120.5588,39.5205],[-120.59,39.4172],[-120.6396,39.3387],[-120.7158,39.2486],[-120.7678,39.1403],[-120.8298,39.099],[-120.8918,39.1114],[-120.9083,39.2312],[-120.907,39.3666],[-120.9496,39.442],[-121.0571,39.4792],[-121.1522,39.4214],[-121.3175,39.285],[-121.4333,39.161],[-121.487,39.0121],[-121.4581,38.8923],[-121.363,38.7517],[-121.2018,38.6029],[-121.1026,38.4748],[-121.053,38.3591],[-120.9538,38.2681],[-120.8794,38.2185],[-120.8422,38.0986],[-120.776,38.0366],[-120.6975,38.0284],[-120.6231,37.987],[-120.5611,37.9416],[-120.4536,37.925],[-120.3503,37.9912],[-120.2345,38.0904],[-120.1891,38.2102],[-120.2015,38.3673],[-120.2883,38.5161],[-120.3461,38.6112],[-120.3999,38.6815],[-120.4578,38.7765],[-120.4702,38.8427],[-120.4442,38.8968],[-120.3503,38.9708],[-120.3131,39.0287],[-120.3172,39.0866],[-120.3461,39.132],[-120.4179,39.165],[-120.4371,39.2023],[-120.409,39.2488],[-120.3627,39.2974],[-120.3379,39.4668],[-120.3668,39.6363],[-120.4082,39.7272],[-120.4495,39.7727],[-120.5322,39.7479],[-120.5611,39.6487]]]},"properties":{"density":"Heavy"}},{"type":"Feature","geometry":{"type":"Polygon","coordinates":[[[-78.3433,21.546],[-78.3589,21.5319],[-78.366,21.5036],[-78.3641,21.4944],[-78.3494,21.4834],[-78.3164,21.4705],[-78.2447,21.4632],[-78.151,21.4632],[-78.0555,21.4705],[-77.9875,21.4797],[-77.9306,21.4963],[-77.8901,21.5054],[-77.8626,21.5293],[-77.8608,21.5532],[-77.9012,21.5697],[-77.9489,21.5753],[-78.0206,21.5753],[-78.1106,21.5771],[-78.1731,21.5789],[-78.2355,21.5734],[-78.2961,21.5642],[-78.3226,21.5566],[-78.3433,21.546]]]},"properties":{"density":"Heavy"}},{"type":"Feature","geometry":{"type":"Polygon","coordinates":[[[-94.4405,18.0172],[-94.4607,18.008],[-94.4809,17.9859],[-94.4864,17.9639],[-94.4975,17.918],[-94.4993,17.8996],[-94.5048,17.8629],[-94.5066,17.8077],[-94.5011,17.7802],[-94.4809,17.7453],[-94.4644,17.7287],[-94.4423,17.7251],[-94.4185,17.7508],[-94.4038,17.7986],[-94.3927,17.8647],[-94.3872,17.9106],[-94.3854,17.9621],[-94.3983,17.9915],[-94.4148,18.0117],[-94.4405,18.0172]]]},"properties":{"density":"Heavy"}},{"type":"Feature","geometry":{"type":"Polygon","coordinates":[[[-121.5632,63.4375],[-121.6686,63.4561],[-121.7244,63.4437],[-121.7493,63.3879],[-121.7493,63.2763],[-121.7493,63.1647],[-121.7493,63.0717],[-121.7493,63.0159],[-121.7554,62.9229],[-121.7741,62.8485],[-121.805,62.7741],[-121.805,62.7307],[-121.7493,62.6253],[-121.65,62.5695],[-121.5942,62.5757],[-121.5074,62.6377],[-121.4516,62.7679],[-121.4206,62.9415],[-121.4206,63.1523],[-121.4268,63.2515],[-121.464,63.3631],[-121.5632,63.4499],[-121.5632,63.4499],[-121.5632,63.4375]]]},"properties":{"density":"Heavy"}},{"type":"Feature","geometry":{"type":"Polygon","coordinates":[[[-121.3517,63.5057],[-121.3958,63.4782],[-121.4041,63.4506],[-121.4013,63.4176],[-121.3903,63.3735],[-121.3848,63.3294],[-121.3848,63.2798],[-121.3545,63.2136],[-121.3269,63.2026],[-121.3076,63.2136],[-121.2828,63.288],[-121.2773,63.3514],[-121.2828,63.4065],[-121.2939,63.4451],[-121.3049,63.4616],[-121.3297,63.4947],[-121.3517,63.5057]]]},"properties":{"density":"Heavy"}},{"type":"Feature","geometry":{"type":"Polygon","coordinates":[[[-122.3162,62.3621],[-122.3989,62.3924],[-122.4898,62.4007],[-122.5284,62.4007],[-122.5642,62.3842],[-122.5753,62.3346],[-122.5394,62.2299],[-122.5064,62.1417],[-122.4954,62.0287],[-122.4871,61.9405],[-122.4898,61.8606],[-122.4954,61.7173],[-122.4954,61.6705],[-122.5009,61.6236],[-122.4954,61.5547],[-122.465,61.5106],[-122.4209,61.4803],[-122.3631,61.439],[-122.2721,61.4307],[-122.2253,61.4693],[-122.195,61.563],[-122.1674,61.7393],[-122.1702,61.8386],[-122.1729,61.9874],[-122.1839,62.1003],[-122.2005,62.2051],[-122.2253,62.2629],[-122.2666,62.3125],[-122.2859,62.3539],[-122.3162,62.3621]]]},"properties":{"density":"Heavy"}},{"type":"Feature","geometry":{"type":"Polygon","coordinates":[[[-121.6951,62.1758],[-121.7223,62.1737],[-121.7375,62.1464],[-121.7238,62.1003],[-121.7072,62.0122],[-121.6934,61.9102],[-121.6879,61.8138],[-121.6879,61.7228],[-121.6824,61.6264],[-121.6797,61.5437],[-121.6613,61.4639],[-121.6493,61.4087],[-121.619,61.348],[-121.5667,61.2626],[-121.5061,61.2075],[-121.4234,61.1717],[-121.3324,61.1248],[-121.1781,61.1083],[-121.0817,61.1055],[-120.988,61.1083],[-120.9108,61.1331],[-120.8493,61.1626],[-120.7758,61.1855],[-120.5746,61.1855],[-120.4892,61.1772],[-120.4121,61.181],[-120.3478,61.181],[-120.277,61.2103],[-120.2109,61.304],[-120.1806,61.428],[-120.1806,61.5465],[-120.2247,61.7228],[-120.255,61.8275],[-120.2986,61.9287],[-120.3549,62.0185],[-120.3983,62.0866],[-120.4313,62.1114],[-120.4534,62.1251],[-120.4754,62.1251],[-120.503,62.1003],[-120.5223,62.0893],[-120.5443,62.0976],[-120.5719,62.1224],[-120.6022,62.1334],[-120.638,62.1417],[-120.6562,62.1385],[-120.6726,62.1214],[-120.6821,62.0976],[-120.6904,62.0342],[-120.6986,62.0039],[-120.7207,61.9791],[-120.7427,61.9763],[-120.7648,61.9842],[-120.7813,61.9984],[-120.8171,62.0039],[-120.8695,62.0122],[-120.9004,62.012],[-120.9322,62.0193],[-120.9687,62.0287],[-120.9963,62.0452],[-121.0156,62.0645],[-121.0404,62.0783],[-121.0927,62.0783],[-121.1203,62.0728],[-121.1423,62.0535],[-121.1754,62.0287],[-121.2106,62.0283],[-121.2411,62.03],[-121.2694,62.0376],[-121.2994,62.0535],[-121.3242,62.0728],[-121.3407,62.0921],[-121.371,62.1003],[-121.3876,62.0976],[-121.4289,62.0893],[-121.4454,62.0783],[-121.4647,62.0287],[-121.4675,61.9956],[-121.4675,61.957],[-121.4785,61.9074],[-121.5006,61.8826],[-121.5378,61.895],[-121.5557,61.9185],[-121.5722,61.9681],[-121.5887,62.037],[-121.608,62.0866],[-121.6356,62.1389],[-121.6646,62.1677],[-121.6951,62.1758]]]},"properties":{"density":"Heavy"}}]}